,J,S,gamma,D,mu,lab,load,imbalance,t,c,r,t_prob,N,start_K,batch_T,ospi_job_id,ospi_attempts,ospi_time,ospi_iter,ospi_g,ospi_g_ci,ospi_perc,ospi_perc_ci,cmu_t_min_job_id,cmu_t_min_attempts,cmu_t_min_time,cmu_t_min_iter,cmu_t_min_g,cmu_t_min_g_ci,cmu_t_min_perc,cmu_t_min_perc_ci,cmu_t_max_job_id,cmu_t_max_attempts,cmu_t_max_time,cmu_t_max_iter,cmu_t_max_g,cmu_t_max_g_ci,cmu_t_max_perc,cmu_t_max_perc_ci,fcfs_job_id,fcfs_attempts,fcfs_time,fcfs_iter,fcfs_g,fcfs_g_ci,fcfs_perc,fcfs_perc_ci,sdf_job_id,sdf_attempts,sdf_time,sdf_iter,sdf_g,sdf_g_ci,sdf_perc,sdf_perc_ci,sdfprior_job_id,sdfprior_attempts,sdfprior_time,sdfprior_iter,sdfprior_g,sdfprior_g_ci,sdfprior_perc,sdfprior_perc_ci,l_max_job_id,l_max_attempts,l_max_time,l_max_iter,l_max_g,l_max_g_ci,l_max_perc,l_max_perc_ci,l_min_job_id,l_min_attempts,l_min_time,l_min_iter,l_min_g,l_min_g_ci,l_min_perc,l_min_perc_ci
0,2,2,20,90,"[3.0, 3.0]","[1.0499999999999998, 3.1499999999999995]",0.7,"[0.3333333333333333, 1]","[1.0, 1.0]","[1.0, 1.0]","[1.0, 1.0]",0.5791301048620808,0,0,0,,0,00:00,0,,,,,,0,00:00,0,,,,,,0,00:00,0,,,,,,0,00:00,0,,,,,,0,00:00,0,,,,,,0,00:00,0,,,,,,0,00:00,0,,,,,,0,00:00,0,,,,
1,2,2,20,55,"[6.0, 6.0]","[2.0999999999999996, 6.299999999999999]",0.7,"[0.3333333333333333, 1]","[1.0, 1.0]","[1.0, 1.0]","[1.0, 1.0]",0.5848858685357073,0,0,0,,0,00:00,0,,,,,,0,00:00,0,,,,,,0,00:00,0,,,,,,0,00:00,0,,,,,,0,00:00,0,,,,,,0,00:00,0,,,,,,0,00:00,0,,,,,,0,00:00,0,,,,
2,2,2,20,60,"[3.0, 6.0]","[1.0499999999999998, 6.299999999999999]",0.7,"[0.3333333333333333, 1]","[1.0, 1.0]","[1.0, 1.0]","[1.0, 1.0]",0.5833269740425554,0,0,0,,0,00:00,0,,,,,,0,00:00,0,,,,,,0,00:00,0,,,,,,0,00:00,0,,,,,,0,00:00,0,,,,,,0,00:00,0,,,,,,0,00:00,0,,,,,,0,00:00,0,,,,
3,2,2,20,40,"[6.0, 12.0]","[2.0999999999999996, 12.599999999999998]",0.7,"[0.3333333333333333, 1]","[1.0, 1.0]","[1.0, 1.0]","[1.0, 1.0]",0.5945686031665092,0,0,0,,0,00:00,0,,,,,,0,00:00,0,,,,,,0,00:00,0,,,,,,0,00:00,0,,,,,,0,00:00,0,,,,,,0,00:00,0,,,,,,0,00:00,0,,,,,,0,00:00,0,,,,
4,2,2,20,141,"[3.0, 3.0]","[1.2000000000000002, 3.6000000000000005]",0.8,"[0.3333333333333333, 1]","[1.0, 1.0]","[1.0, 1.0]","[1.0, 1.0]",0.7184627066176041,0,0,0,,0,00:00,0,,,,,,0,00:00,0,,,,,,0,00:00,0,,,,,,0,00:00,0,,,,,,0,00:00,0,,,,,,0,00:00,0,,,,,,0,00:00,0,,,,,,0,00:00,0,,,,
5,2,2,20,86,"[6.0, 6.0]","[2.4000000000000004, 7.200000000000001]",0.8,"[0.3333333333333333, 1]","[1.0, 1.0]","[1.0, 1.0]","[1.0, 1.0]",0.7257786613651428,0,0,0,,0,00:00,0,,,,,,0,00:00,0,,,,,,0,00:00,0,,,,,,0,00:00,0,,,,,,0,00:00,0,,,,,,0,00:00,0,,,,,,0,00:00,0,,,,,,0,00:00,0,,,,
6,2,2,20,94,"[3.0, 6.0]","[1.2000000000000002, 7.200000000000001]",0.8,"[0.3333333333333333, 1]","[1.0, 1.0]","[1.0, 1.0]","[1.0, 1.0]",0.7240134199571369,0,0,0,,0,00:00,0,,,,,,0,00:00,0,,,,,,0,00:00,0,,,,,,0,00:00,0,,,,,,0,00:00,0,,,,,,0,00:00,0,,,,,,0,00:00,0,,,,,,0,00:00,0,,,,
7,2,2,20,63,"[6.0, 12.0]","[2.4000000000000004, 14.400000000000002]",0.8,"[0.3333333333333333, 1]","[1.0, 1.0]","[1.0, 1.0]","[1.0, 1.0]",0.7352308047287487,0,0,0,,0,00:00,0,,,,,,0,00:00,0,,,,,,0,00:00,0,,,,,,0,00:00,0,,,,,,0,00:00,0,,,,,,0,00:00,0,,,,,,0,00:00,0,,,,,,0,00:00,0,,,,
8,2,2,20,291,"[3.0, 3.0]","[1.35, 4.050000000000001]",0.9,"[0.3333333333333333, 1]","[1.0, 1.0]","[1.0, 1.0]","[1.0, 1.0]",0.8598962687009235,0,0,0,,0,00:00,0,,,,,,0,00:00,0,,,,,,0,00:00,0,,,,,,0,00:00,0,,,,,,0,00:00,0,,,,,,0,00:00,0,,,,,,0,00:00,0,,,,,,0,00:00,0,,,,
9,2,2,20,178,"[6.0, 6.0]","[2.7, 8.100000000000001]",0.9,"[0.3333333333333333, 1]","[1.0, 1.0]","[1.0, 1.0]","[1.0, 1.0]",0.8653758829465187,0,0,0,,0,00:00,0,,,,,,0,00:00,0,,,,,,0,00:00,0,,,,,,0,00:00,0,,,,,,0,00:00,0,,,,,,0,00:00,0,,,,,,0,00:00,0,,,,,,0,00:00,0,,,,
10,2,2,20,195,"[3.0, 6.0]","[1.35, 8.100000000000001]",0.9,"[0.3333333333333333, 1]","[1.0, 1.0]","[1.0, 1.0]","[1.0, 1.0]",0.8641422464573232,0,0,0,,0,00:00,0,,,,,,0,00:00,0,,,,,,0,00:00,0,,,,,,0,00:00,0,,,,,,0,00:00,0,,,,,,0,00:00,0,,,,,,0,00:00,0,,,,,,0,00:00,0,,,,
11,2,2,20,130,"[6.0, 12.0]","[2.7, 16.200000000000003]",0.9,"[0.3333333333333333, 1]","[1.0, 1.0]","[1.0, 1.0]","[1.0, 1.0]",0.8713493366243232,0,0,0,,0,00:00,0,,,,,,0,00:00,0,,,,,,0,00:00,0,,,,,,0,00:00,0,,,,,,0,00:00,0,,,,,,0,00:00,0,,,,,,0,00:00,0,,,,,,0,00:00,0,,,,
12,2,2,20,90,"[3.0, 3.0]","[2.0999999999999996, 2.0999999999999996]",0.7,"[1, 1]","[1.0, 1.0]","[1.0, 1.0]","[1.0, 1.0]",0.5791301048620808,0,0,0,,0,00:00,0,,,,,,0,00:00,0,,,,,,0,00:00,0,,,,,,0,00:00,0,,,,,,0,00:00,0,,,,,,0,00:00,0,,,,,,0,00:00,0,,,,,,0,00:00,0,,,,
13,2,2,20,55,"[6.0, 6.0]","[4.199999999999999, 4.199999999999999]",0.7,"[1, 1]","[1.0, 1.0]","[1.0, 1.0]","[1.0, 1.0]",0.5848858685357073,0,0,0,,0,00:00,0,,,,,,0,00:00,0,,,,,,0,00:00,0,,,,,,0,00:00,0,,,,,,0,00:00,0,,,,,,0,00:00,0,,,,,,0,00:00,0,,,,,,0,00:00,0,,,,
14,2,2,20,67,"[3.0, 6.0]","[2.0999999999999996, 4.199999999999999]",0.7,"[1, 1]","[1.0, 1.0]","[1.0, 1.0]","[1.0, 1.0]",0.5818278419907882,0,0,0,,0,00:00,0,,,,,,0,00:00,0,,,,,,0,00:00,0,,,,,,0,00:00,0,,,,,,0,00:00,0,,,,,,0,00:00,0,,,,,,0,00:00,0,,,,,,0,00:00,0,,,,
15,2,2,20,43,"[6.0, 12.0]","[4.199999999999999, 8.399999999999999]",0.7,"[1, 1]","[1.0, 1.0]","[1.0, 1.0]","[1.0, 1.0]",0.5913528318941824,0,0,0,,0,00:00,0,,,,,,0,00:00,0,,,,,,0,00:00,0,,,,,,0,00:00,0,,,,,,0,00:00,0,,,,,,0,00:00,0,,,,,,0,00:00,0,,,,,,0,00:00,0,,,,
16,2,2,20,141,"[3.0, 3.0]","[2.4000000000000004, 2.4000000000000004]",0.8,"[1, 1]","[1.0, 1.0]","[1.0, 1.0]","[1.0, 1.0]",0.7184627066176041,0,0,0,,0,00:00,0,,,,,,0,00:00,0,,,,,,0,00:00,0,,,,,,0,00:00,0,,,,,,0,00:00,0,,,,,,0,00:00,0,,,,,,0,00:00,0,,,,,,0,00:00,0,,,,
17,2,2,20,86,"[6.0, 6.0]","[4.800000000000001, 4.800000000000001]",0.8,"[1, 1]","[1.0, 1.0]","[1.0, 1.0]","[1.0, 1.0]",0.7257786613651428,0,0,0,,0,00:00,0,,,,,,0,00:00,0,,,,,,0,00:00,0,,,,,,0,00:00,0,,,,,,0,00:00,0,,,,,,0,00:00,0,,,,,,0,00:00,0,,,,,,0,00:00,0,,,,
18,2,2,20,104,"[3.0, 6.0]","[2.4000000000000004, 4.800000000000001]",0.8,"[1, 1]","[1.0, 1.0]","[1.0, 1.0]","[1.0, 1.0]",0.7222002586816996,0,0,0,,0,00:00,0,,,,,,0,00:00,0,,,,,,0,00:00,0,,,,,,0,00:00,0,,,,,,0,00:00,0,,,,,,0,00:00,0,,,,,,0,00:00,0,,,,,,0,00:00,0,,,,
19,2,2,20,68,"[6.0, 12.0]","[4.800000000000001, 9.600000000000001]",0.8,"[1, 1]","[1.0, 1.0]","[1.0, 1.0]","[1.0, 1.0]",0.7322998855162601,0,0,0,,0,00:00,0,,,,,,0,00:00,0,,,,,,0,00:00,0,,,,,,0,00:00,0,,,,,,0,00:00,0,,,,,,0,00:00,0,,,,,,0,00:00,0,,,,,,0,00:00,0,,,,
20,2,2,20,291,"[3.0, 3.0]","[2.7, 2.7]",0.9,"[1, 1]","[1.0, 1.0]","[1.0, 1.0]","[1.0, 1.0]",0.8598962687009234,0,0,0,,0,00:00,0,,,,,,0,00:00,0,,,,,,0,00:00,0,,,,,,0,00:00,0,,,,,,0,00:00,0,,,,,,0,00:00,0,,,,,,0,00:00,0,,,,,,0,00:00,0,,,,
21,2,2,20,178,"[6.0, 6.0]","[5.4, 5.4]",0.9,"[1, 1]","[1.0, 1.0]","[1.0, 1.0]","[1.0, 1.0]",0.8653758829465186,0,0,0,,0,00:00,0,,,,,,0,00:00,0,,,,,,0,00:00,0,,,,,,0,00:00,0,,,,,,0,00:00,0,,,,,,0,00:00,0,,,,,,0,00:00,0,,,,,,0,00:00,0,,,,
22,2,2,20,216,"[3.0, 6.0]","[2.7, 5.4]",0.9,"[1, 1]","[1.0, 1.0]","[1.0, 1.0]","[1.0, 1.0]",0.8628232126259159,0,0,0,,0,00:00,0,,,,,,0,00:00,0,,,,,,0,00:00,0,,,,,,0,00:00,0,,,,,,0,00:00,0,,,,,,0,00:00,0,,,,,,0,00:00,0,,,,,,0,00:00,0,,,,
23,2,2,20,141,"[6.0, 12.0]","[5.4, 10.8]",0.9,"[1, 1]","[1.0, 1.0]","[1.0, 1.0]","[1.0, 1.0]",0.8695929007501007,0,0,0,,0,00:00,0,,,,,,0,00:00,0,,,,,,0,00:00,0,,,,,,0,00:00,0,,,,,,0,00:00,0,,,,,,0,00:00,0,,,,,,0,00:00,0,,,,,,0,00:00,0,,,,
24,2,2,20,90,"[3.0, 3.0]","[3.1499999999999995, 1.0499999999999998]",0.7,"[3, 1]","[1.0, 1.0]","[1.0, 1.0]","[1.0, 1.0]",0.5791301048620808,0,0,0,,0,00:00,0,,,,,,0,00:00,0,,,,,,0,00:00,0,,,,,,0,00:00,0,,,,,,0,00:00,0,,,,,,0,00:00,0,,,,,,0,00:00,0,,,,,,0,00:00,0,,,,
25,2,2,20,55,"[6.0, 6.0]","[6.299999999999999, 2.0999999999999996]",0.7,"[3, 1]","[1.0, 1.0]","[1.0, 1.0]","[1.0, 1.0]",0.5848858685357073,0,0,0,,0,00:00,0,,,,,,0,00:00,0,,,,,,0,00:00,0,,,,,,0,00:00,0,,,,,,0,00:00,0,,,,,,0,00:00,0,,,,,,0,00:00,0,,,,,,0,00:00,0,,,,
26,2,2,20,76,"[3.0, 6.0]","[3.1499999999999995, 2.0999999999999996]",0.7,"[3, 1]","[1.0, 1.0]","[1.0, 1.0]","[1.0, 1.0]",0.5804166327988017,0,0,0,,0,00:00,0,,,,,,0,00:00,0,,,,,,0,00:00,0,,,,,,0,00:00,0,,,,,,0,00:00,0,,,,,,0,00:00,0,,,,,,0,00:00,0,,,,,,0,00:00,0,,,,
27,2,2,20,48,"[6.0, 12.0]","[6.299999999999999, 4.199999999999999]",0.7,"[3, 1]","[1.0, 1.0]","[1.0, 1.0]","[1.0, 1.0]",0.5881011515014676,0,0,0,,0,00:00,0,,,,,,0,00:00,0,,,,,,0,00:00,0,,,,,,0,00:00,0,,,,,,0,00:00,0,,,,,,0,00:00,0,,,,,,0,00:00,0,,,,,,0,00:00,0,,,,
28,2,2,20,141,"[3.0, 3.0]","[3.6000000000000005, 1.2000000000000002]",0.8,"[3, 1]","[1.0, 1.0]","[1.0, 1.0]","[1.0, 1.0]",0.7184627066176041,0,0,0,,0,00:00,0,,,,,,0,00:00,0,,,,,,0,00:00,0,,,,,,0,00:00,0,,,,,,0,00:00,0,,,,,,0,00:00,0,,,,,,0,00:00,0,,,,,,0,00:00,0,,,,
29,2,2,20,86,"[6.0, 6.0]","[7.200000000000001, 2.4000000000000004]",0.8,"[3, 1]","[1.0, 1.0]","[1.0, 1.0]","[1.0, 1.0]",0.7257786613651428,0,0,0,,0,00:00,0,,,,,,0,00:00,0,,,,,,0,00:00,0,,,,,,0,00:00,0,,,,,,0,00:00,0,,,,,,0,00:00,0,,,,,,0,00:00,0,,,,,,0,00:00,0,,,,
30,2,2,20,119,"[3.0, 6.0]","[3.6000000000000005, 2.4000000000000004]",0.8,"[3, 1]","[1.0, 1.0]","[1.0, 1.0]","[1.0, 1.0]",0.7203463203463204,0,0,0,,0,00:00,0,,,,,,0,00:00,0,,,,,,0,00:00,0,,,,,,0,00:00,0,,,,,,0,00:00,0,,,,,,0,00:00,0,,,,,,0,00:00,0,,,,,,0,00:00,0,,,,
31,2,2,20,75,"[6.0, 12.0]","[7.200000000000001, 4.800000000000001]",0.8,"[3, 1]","[1.0, 1.0]","[1.0, 1.0]","[1.0, 1.0]",0.7291499777481089,0,0,0,,0,00:00,0,,,,,,0,00:00,0,,,,,,0,00:00,0,,,,,,0,00:00,0,,,,,,0,00:00,0,,,,,,0,00:00,0,,,,,,0,00:00,0,,,,,,0,00:00,0,,,,
32,2,2,20,291,"[3.0, 3.0]","[4.050000000000001, 1.35]",0.9,"[3, 1]","[1.0, 1.0]","[1.0, 1.0]","[1.0, 1.0]",0.8598962687009235,0,0,0,,0,00:00,0,,,,,,0,00:00,0,,,,,,0,00:00,0,,,,,,0,00:00,0,,,,,,0,00:00,0,,,,,,0,00:00,0,,,,,,0,00:00,0,,,,,,0,00:00,0,,,,
33,2,2,20,178,"[6.0, 6.0]","[8.100000000000001, 2.7]",0.9,"[3, 1]","[1.0, 1.0]","[1.0, 1.0]","[1.0, 1.0]",0.8653758829465187,0,0,0,,0,00:00,0,,,,,,0,00:00,0,,,,,,0,00:00,0,,,,,,0,00:00,0,,,,,,0,00:00,0,,,,,,0,00:00,0,,,,,,0,00:00,0,,,,,,0,00:00,0,,,,
34,2,2,20,246,"[3.0, 6.0]","[4.050000000000001, 2.7]",0.9,"[3, 1]","[1.0, 1.0]","[1.0, 1.0]","[1.0, 1.0]",0.8614107768189714,0,0,0,,0,00:00,0,,,,,,0,00:00,0,,,,,,0,00:00,0,,,,,,0,00:00,0,,,,,,0,00:00,0,,,,,,0,00:00,0,,,,,,0,00:00,0,,,,,,0,00:00,0,,,,
35,2,2,20,156,"[6.0, 12.0]","[8.100000000000001, 5.4]",0.9,"[3, 1]","[1.0, 1.0]","[1.0, 1.0]","[1.0, 1.0]",0.867615547972989,0,0,0,,0,00:00,0,,,,,,0,00:00,0,,,,,,0,00:00,0,,,,,,0,00:00,0,,,,,,0,00:00,0,,,,,,0,00:00,0,,,,,,0,00:00,0,,,,,,0,00:00,0,,,,
36,2,4,20,53,"[3.0, 3.0]","[2.0999999999999996, 6.299999999999999]",0.7,"[0.3333333333333333, 1]","[1.0, 1.0]","[1.0, 1.0]","[1.0, 1.0]",0.45779293822535755,0,0,0,,0,00:00,0,,,,,,0,00:00,0,,,,,,0,00:00,0,,,,,,0,00:00,0,,,,,,0,00:00,0,,,,,,0,00:00,0,,,,,,0,00:00,0,,,,,,0,00:00,0,,,,
37,2,4,20,36,"[6.0, 6.0]","[4.199999999999999, 12.599999999999998]",0.7,"[0.3333333333333333, 1]","[1.0, 1.0]","[1.0, 1.0]","[1.0, 1.0]",0.48501930631860835,0,0,0,,0,00:00,0,,,,,,0,00:00,0,,,,,,0,00:00,0,,,,,,0,00:00,0,,,,,,0,00:00,0,,,,,,0,00:00,0,,,,,,0,00:00,0,,,,,,0,00:00,0,,,,
38,2,4,20,38,"[3.0, 6.0]","[2.0999999999999996, 12.599999999999998]",0.7,"[0.3333333333333333, 1]","[1.0, 1.0]","[1.0, 1.0]","[1.0, 1.0]",0.4786371756251962,0,0,0,,0,00:00,0,,,,,,0,00:00,0,,,,,,0,00:00,0,,,,,,0,00:00,0,,,,,,0,00:00,0,,,,,,0,00:00,0,,,,,,0,00:00,0,,,,,,0,00:00,0,,,,
39,2,4,20,29,"[6.0, 12.0]","[4.199999999999999, 25.199999999999996]",0.7,"[0.3333333333333333, 1]","[1.0, 1.0]","[1.0, 1.0]","[1.0, 1.0]",0.5175107167466422,0,0,0,,0,00:00,0,,,,,,0,00:00,0,,,,,,0,00:00,0,,,,,,0,00:00,0,,,,,,0,00:00,0,,,,,,0,00:00,0,,,,,,0,00:00,0,,,,,,0,00:00,0,,,,
40,2,4,20,84,"[3.0, 3.0]","[2.4000000000000004, 7.200000000000001]",0.8,"[0.3333333333333333, 1]","[1.0, 1.0]","[1.0, 1.0]","[1.0, 1.0]",0.634784990909688,0,0,0,,0,00:00,0,,,,,,0,00:00,0,,,,,,0,00:00,0,,,,,,0,00:00,0,,,,,,0,00:00,0,,,,,,0,00:00,0,,,,,,0,00:00,0,,,,,,0,00:00,0,,,,
41,2,4,20,58,"[6.0, 6.0]","[4.800000000000001, 14.400000000000002]",0.8,"[0.3333333333333333, 1]","[1.0, 1.0]","[1.0, 1.0]","[1.0, 1.0]",0.6622764723401225,0,0,0,,0,00:00,0,,,,,,0,00:00,0,,,,,,0,00:00,0,,,,,,0,00:00,0,,,,,,0,00:00,0,,,,,,0,00:00,0,,,,,,0,00:00,0,,,,,,0,00:00,0,,,,
42,2,4,20,62,"[3.0, 6.0]","[2.4000000000000004, 14.400000000000002]",0.8,"[0.3333333333333333, 1]","[1.0, 1.0]","[1.0, 1.0]","[1.0, 1.0]",0.6562380750765427,0,0,0,,0,00:00,0,,,,,,0,00:00,0,,,,,,0,00:00,0,,,,,,0,00:00,0,,,,,,0,00:00,0,,,,,,0,00:00,0,,,,,,0,00:00,0,,,,,,0,00:00,0,,,,
43,2,4,20,46,"[6.0, 12.0]","[4.800000000000001, 28.800000000000004]",0.8,"[0.3333333333333333, 1]","[1.0, 1.0]","[1.0, 1.0]","[1.0, 1.0]",0.690245651825342,0,0,0,,0,00:00,0,,,,,,0,00:00,0,,,,,,0,00:00,0,,,,,,0,00:00,0,,,,,,0,00:00,0,,,,,,0,00:00,0,,,,,,0,00:00,0,,,,,,0,00:00,0,,,,
44,2,4,20,177,"[3.0, 3.0]","[2.7, 8.100000000000001]",0.9,"[0.3333333333333333, 1]","[1.0, 1.0]","[1.0, 1.0]","[1.0, 1.0]",0.8191792617563299,0,0,0,,0,00:00,0,,,,,,0,00:00,0,,,,,,0,00:00,0,,,,,,0,00:00,0,,,,,,0,00:00,0,,,,,,0,00:00,0,,,,,,0,00:00,0,,,,,,0,00:00,0,,,,
45,2,4,20,121,"[6.0, 6.0]","[5.4, 16.200000000000003]",0.9,"[0.3333333333333333, 1]","[1.0, 1.0]","[1.0, 1.0]","[1.0, 1.0]",0.8370298039766592,0,0,0,,0,00:00,0,,,,,,0,00:00,0,,,,,,0,00:00,0,,,,,,0,00:00,0,,,,,,0,00:00,0,,,,,,0,00:00,0,,,,,,0,00:00,0,,,,,,0,00:00,0,,,,
46,2,4,20,129,"[3.0, 6.0]","[2.7, 16.200000000000003]",0.9,"[0.3333333333333333, 1]","[1.0, 1.0]","[1.0, 1.0]","[1.0, 1.0]",0.8333411025441909,0,0,0,,0,00:00,0,,,,,,0,00:00,0,,,,,,0,00:00,0,,,,,,0,00:00,0,,,,,,0,00:00,0,,,,,,0,00:00,0,,,,,,0,00:00,0,,,,,,0,00:00,0,,,,
47,2,4,20,98,"[6.0, 12.0]","[5.4, 32.400000000000006]",0.9,"[0.3333333333333333, 1]","[1.0, 1.0]","[1.0, 1.0]","[1.0, 1.0]",0.8527561100817519,0,0,0,,0,00:00,0,,,,,,0,00:00,0,,,,,,0,00:00,0,,,,,,0,00:00,0,,,,,,0,00:00,0,,,,,,0,00:00,0,,,,,,0,00:00,0,,,,,,0,00:00,0,,,,
48,2,4,20,53,"[3.0, 3.0]","[4.199999999999999, 4.199999999999999]",0.7,"[1, 1]","[1.0, 1.0]","[1.0, 1.0]","[1.0, 1.0]",0.45779293822535755,0,0,0,,0,00:00,0,,,,,,0,00:00,0,,,,,,0,00:00,0,,,,,,0,00:00,0,,,,,,0,00:00,0,,,,,,0,00:00,0,,,,,,0,00:00,0,,,,,,0,00:00,0,,,,
49,2,4,20,36,"[6.0, 6.0]","[8.399999999999999, 8.399999999999999]",0.7,"[1, 1]","[1.0, 1.0]","[1.0, 1.0]","[1.0, 1.0]",0.48501930631860835,0,0,0,,0,00:00,0,,,,,,0,00:00,0,,,,,,0,00:00,0,,,,,,0,00:00,0,,,,,,0,00:00,0,,,,,,0,00:00,0,,,,,,0,00:00,0,,,,,,0,00:00,0,,,,
50,2,4,20,42,"[3.0, 6.0]","[4.199999999999999, 8.399999999999999]",0.7,"[1, 1]","[1.0, 1.0]","[1.0, 1.0]","[1.0, 1.0]",0.4719622173760828,0,0,0,,0,00:00,0,,,,,,0,00:00,0,,,,,,0,00:00,0,,,,,,0,00:00,0,,,,,,0,00:00,0,,,,,,0,00:00,0,,,,,,0,00:00,0,,,,,,0,00:00,0,,,,
51,2,4,20,31,"[6.0, 12.0]","[8.399999999999999, 16.799999999999997]",0.7,"[1, 1]","[1.0, 1.0]","[1.0, 1.0]","[1.0, 1.0]",0.5077101863905564,0,0,0,,0,00:00,0,,,,,,0,00:00,0,,,,,,0,00:00,0,,,,,,0,00:00,0,,,,,,0,00:00,0,,,,,,0,00:00,0,,,,,,0,00:00,0,,,,,,0,00:00,0,,,,
52,2,4,20,84,"[3.0, 3.0]","[4.800000000000001, 4.800000000000001]",0.8,"[1, 1]","[1.0, 1.0]","[1.0, 1.0]","[1.0, 1.0]",0.634784990909688,0,0,0,,0,00:00,0,,,,,,0,00:00,0,,,,,,0,00:00,0,,,,,,0,00:00,0,,,,,,0,00:00,0,,,,,,0,00:00,0,,,,,,0,00:00,0,,,,,,0,00:00,0,,,,
53,2,4,20,58,"[6.0, 6.0]","[9.600000000000001, 9.600000000000001]",0.8,"[1, 1]","[1.0, 1.0]","[1.0, 1.0]","[1.0, 1.0]",0.6622764723401225,0,0,0,,0,00:00,0,,,,,,0,00:00,0,,,,,,0,00:00,0,,,,,,0,00:00,0,,,,,,0,00:00,0,,,,,,0,00:00,0,,,,,,0,00:00,0,,,,,,0,00:00,0,,,,
54,2,4,20,67,"[3.0, 6.0]","[4.800000000000001, 9.600000000000001]",0.8,"[1, 1]","[1.0, 1.0]","[1.0, 1.0]","[1.0, 1.0]",0.6496826381124431,0,0,0,,0,00:00,0,,,,,,0,00:00,0,,,,,,0,00:00,0,,,,,,0,00:00,0,,,,,,0,00:00,0,,,,,,0,00:00,0,,,,,,0,00:00,0,,,,,,0,00:00,0,,,,
55,2,4,20,49,"[6.0, 12.0]","[9.600000000000001, 19.200000000000003]",0.8,"[1, 1]","[1.0, 1.0]","[1.0, 1.0]","[1.0, 1.0]",0.6822374798260256,0,0,0,,0,00:00,0,,,,,,0,00:00,0,,,,,,0,00:00,0,,,,,,0,00:00,0,,,,,,0,00:00,0,,,,,,0,00:00,0,,,,,,0,00:00,0,,,,,,0,00:00,0,,,,
56,2,4,20,177,"[3.0, 3.0]","[5.4, 5.4]",0.9,"[1, 1]","[1.0, 1.0]","[1.0, 1.0]","[1.0, 1.0]",0.8191792617563298,0,0,0,,0,00:00,0,,,,,,0,00:00,0,,,,,,0,00:00,0,,,,,,0,00:00,0,,,,,,0,00:00,0,,,,,,0,00:00,0,,,,,,0,00:00,0,,,,,,0,00:00,0,,,,
57,2,4,20,121,"[6.0, 6.0]","[10.8, 10.8]",0.9,"[1, 1]","[1.0, 1.0]","[1.0, 1.0]","[1.0, 1.0]",0.837029803976659,0,0,0,,0,00:00,0,,,,,,0,00:00,0,,,,,,0,00:00,0,,,,,,0,00:00,0,,,,,,0,00:00,0,,,,,,0,00:00,0,,,,,,0,00:00,0,,,,,,0,00:00,0,,,,
58,2,4,20,140,"[3.0, 6.0]","[5.4, 10.8]",0.9,"[1, 1]","[1.0, 1.0]","[1.0, 1.0]","[1.0, 1.0]",0.8291987031558208,0,0,0,,0,00:00,0,,,,,,0,00:00,0,,,,,,0,00:00,0,,,,,,0,00:00,0,,,,,,0,00:00,0,,,,,,0,00:00,0,,,,,,0,00:00,0,,,,,,0,00:00,0,,,,
59,2,4,20,103,"[6.0, 12.0]","[10.8, 21.6]",0.9,"[1, 1]","[1.0, 1.0]","[1.0, 1.0]","[1.0, 1.0]",0.8484610708470095,0,0,0,,0,00:00,0,,,,,,0,00:00,0,,,,,,0,00:00,0,,,,,,0,00:00,0,,,,,,0,00:00,0,,,,,,0,00:00,0,,,,,,0,00:00,0,,,,,,0,00:00,0,,,,
60,2,4,20,53,"[3.0, 3.0]","[6.299999999999999, 2.0999999999999996]",0.7,"[3, 1]","[1.0, 1.0]","[1.0, 1.0]","[1.0, 1.0]",0.45779293822535755,0,0,0,,0,00:00,0,,,,,,0,00:00,0,,,,,,0,00:00,0,,,,,,0,00:00,0,,,,,,0,00:00,0,,,,,,0,00:00,0,,,,,,0,00:00,0,,,,,,0,00:00,0,,,,
61,2,4,20,36,"[6.0, 6.0]","[12.599999999999998, 4.199999999999999]",0.7,"[3, 1]","[1.0, 1.0]","[1.0, 1.0]","[1.0, 1.0]",0.48501930631860835,0,0,0,,0,00:00,0,,,,,,0,00:00,0,,,,,,0,00:00,0,,,,,,0,00:00,0,,,,,,0,00:00,0,,,,,,0,00:00,0,,,,,,0,00:00,0,,,,,,0,00:00,0,,,,
62,2,4,20,46,"[3.0, 6.0]","[6.299999999999999, 4.199999999999999]",0.7,"[3, 1]","[1.0, 1.0]","[1.0, 1.0]","[1.0, 1.0]",0.46500468173322507,0,0,0,,0,00:00,0,,,,,,0,00:00,0,,,,,,0,00:00,0,,,,,,0,00:00,0,,,,,,0,00:00,0,,,,,,0,00:00,0,,,,,,0,00:00,0,,,,,,0,00:00,0,,,,
63,2,4,20,33,"[6.0, 12.0]","[12.599999999999998, 8.399999999999999]",0.7,"[3, 1]","[1.0, 1.0]","[1.0, 1.0]","[1.0, 1.0]",0.49691355896728756,0,0,0,,0,00:00,0,,,,,,0,00:00,0,,,,,,0,00:00,0,,,,,,0,00:00,0,,,,,,0,00:00,0,,,,,,0,00:00,0,,,,,,0,00:00,0,,,,,,0,00:00,0,,,,
64,2,4,20,84,"[3.0, 3.0]","[7.200000000000001, 2.4000000000000004]",0.8,"[3, 1]","[1.0, 1.0]","[1.0, 1.0]","[1.0, 1.0]",0.634784990909688,0,0,0,,0,00:00,0,,,,,,0,00:00,0,,,,,,0,00:00,0,,,,,,0,00:00,0,,,,,,0,00:00,0,,,,,,0,00:00,0,,,,,,0,00:00,0,,,,,,0,00:00,0,,,,
65,2,4,20,58,"[6.0, 6.0]","[14.400000000000002, 4.800000000000001]",0.8,"[3, 1]","[1.0, 1.0]","[1.0, 1.0]","[1.0, 1.0]",0.6622764723401225,0,0,0,,0,00:00,0,,,,,,0,00:00,0,,,,,,0,00:00,0,,,,,,0,00:00,0,,,,,,0,00:00,0,,,,,,0,00:00,0,,,,,,0,00:00,0,,,,,,0,00:00,0,,,,
66,2,4,20,74,"[3.0, 6.0]","[7.200000000000001, 4.800000000000001]",0.8,"[3, 1]","[1.0, 1.0]","[1.0, 1.0]","[1.0, 1.0]",0.6425521288932944,0,0,0,,0,00:00,0,,,,,,0,00:00,0,,,,,,0,00:00,0,,,,,,0,00:00,0,,,,,,0,00:00,0,,,,,,0,00:00,0,,,,,,0,00:00,0,,,,,,0,00:00,0,,,,
67,2,4,20,52,"[6.0, 12.0]","[14.400000000000002, 9.600000000000001]",0.8,"[3, 1]","[1.0, 1.0]","[1.0, 1.0]","[1.0, 1.0]",0.6730083936618944,0,0,0,,0,00:00,0,,,,,,0,00:00,0,,,,,,0,00:00,0,,,,,,0,00:00,0,,,,,,0,00:00,0,,,,,,0,00:00,0,,,,,,0,00:00,0,,,,,,0,00:00,0,,,,
68,2,4,20,177,"[3.0, 3.0]","[8.100000000000001, 2.7]",0.9,"[3, 1]","[1.0, 1.0]","[1.0, 1.0]","[1.0, 1.0]",0.8191792617563299,0,0,0,,0,00:00,0,,,,,,0,00:00,0,,,,,,0,00:00,0,,,,,,0,00:00,0,,,,,,0,00:00,0,,,,,,0,00:00,0,,,,,,0,00:00,0,,,,,,0,00:00,0,,,,
69,2,4,20,121,"[6.0, 6.0]","[16.200000000000003, 5.4]",0.9,"[3, 1]","[1.0, 1.0]","[1.0, 1.0]","[1.0, 1.0]",0.8370298039766592,0,0,0,,0,00:00,0,,,,,,0,00:00,0,,,,,,0,00:00,0,,,,,,0,00:00,0,,,,,,0,00:00,0,,,,,,0,00:00,0,,,,,,0,00:00,0,,,,,,0,00:00,0,,,,
70,2,4,20,155,"[3.0, 6.0]","[8.100000000000001, 5.4]",0.9,"[3, 1]","[1.0, 1.0]","[1.0, 1.0]","[1.0, 1.0]",0.8245150513188537,0,0,0,,0,00:00,0,,,,,,0,00:00,0,,,,,,0,00:00,0,,,,,,0,00:00,0,,,,,,0,00:00,0,,,,,,0,00:00,0,,,,,,0,00:00,0,,,,,,0,00:00,0,,,,
71,2,4,20,110,"[6.0, 12.0]","[16.200000000000003, 10.8]",0.9,"[3, 1]","[1.0, 1.0]","[1.0, 1.0]","[1.0, 1.0]",0.8433122697994312,0,0,0,,0,00:00,0,,,,,,0,00:00,0,,,,,,0,00:00,0,,,,,,0,00:00,0,,,,,,0,00:00,0,,,,,,0,00:00,0,,,,,,0,00:00,0,,,,,,0,00:00,0,,,,
72,2,6,20,40,"[3.0, 3.0]","[3.1499999999999995, 9.450000000000001]",0.7,"[0.3333333333333333, 1]","[1.0, 1.0]","[1.0, 1.0]","[1.0, 1.0]",0.3877476338090317,0,0,0,,0,00:00,0,,,,,,0,00:00,0,,,,,,0,00:00,0,,,,,,0,00:00,0,,,,,,0,00:00,0,,,,,,0,00:00,0,,,,,,0,00:00,0,,,,,,0,00:00,0,,,,
73,2,6,20,30,"[6.0, 6.0]","[6.299999999999999, 18.900000000000002]",0.7,"[0.3333333333333333, 1]","[1.0, 1.0]","[1.0, 1.0]","[1.0, 1.0]",0.4305891832532299,0,0,0,,0,00:00,0,,,,,,0,00:00,0,,,,,,0,00:00,0,,,,,,0,00:00,0,,,,,,0,00:00,0,,,,,,0,00:00,0,,,,,,0,00:00,0,,,,,,0,00:00,0,,,,
74,2,6,20,31,"[3.0, 6.0]","[3.1499999999999995, 18.900000000000002]",0.7,"[0.3333333333333333, 1]","[1.0, 1.0]","[1.0, 1.0]","[1.0, 1.0]",0.42087486790968176,0,0,0,,0,00:00,0,,,,,,0,00:00,0,,,,,,0,00:00,0,,,,,,0,00:00,0,,,,,,0,00:00,0,,,,,,0,00:00,0,,,,,,0,00:00,0,,,,,,0,00:00,0,,,,
75,2,6,20,25,"[6.0, 12.0]","[6.299999999999999, 37.800000000000004]",0.7,"[0.3333333333333333, 1]","[1.0, 1.0]","[1.0, 1.0]","[1.0, 1.0]",0.47770727415181485,0,0,0,,0,00:00,0,,,,,,0,00:00,0,,,,,,0,00:00,0,,,,,,0,00:00,0,,,,,,0,00:00,0,,,,,,0,00:00,0,,,,,,0,00:00,0,,,,,,0,00:00,0,,,,
76,2,6,20,66,"[3.0, 3.0]","[3.6, 10.8]",0.8,"[0.3333333333333333, 1]","[1.0, 1.0]","[1.0, 1.0]","[1.0, 1.0]",0.5872674076913782,0,0,0,,0,00:00,0,,,,,,0,00:00,0,,,,,,0,00:00,0,,,,,,0,00:00,0,,,,,,0,00:00,0,,,,,,0,00:00,0,,,,,,0,00:00,0,,,,,,0,00:00,0,,,,
77,2,6,20,48,"[6.0, 6.0]","[7.2, 21.6]",0.8,"[0.3333333333333333, 1]","[1.0, 1.0]","[1.0, 1.0]","[1.0, 1.0]",0.6306922853104738,0,0,0,,0,00:00,0,,,,,,0,00:00,0,,,,,,0,00:00,0,,,,,,0,00:00,0,,,,,,0,00:00,0,,,,,,0,00:00,0,,,,,,0,00:00,0,,,,,,0,00:00,0,,,,
78,2,6,20,51,"[3.0, 6.0]","[3.6, 21.6]",0.8,"[0.3333333333333333, 1]","[1.0, 1.0]","[1.0, 1.0]","[1.0, 1.0]",0.6215340595481428,0,0,0,,0,00:00,0,,,,,,0,00:00,0,,,,,,0,00:00,0,,,,,,0,00:00,0,,,,,,0,00:00,0,,,,,,0,00:00,0,,,,,,0,00:00,0,,,,,,0,00:00,0,,,,
79,2,6,20,41,"[6.0, 12.0]","[7.2, 43.2]",0.8,"[0.3333333333333333, 1]","[1.0, 1.0]","[1.0, 1.0]","[1.0, 1.0]",0.6707262279706347,0,0,0,,0,00:00,0,,,,,,0,00:00,0,,,,,,0,00:00,0,,,,,,0,00:00,0,,,,,,0,00:00,0,,,,,,0,00:00,0,,,,,,0,00:00,0,,,,,,0,00:00,0,,,,
80,2,6,20,139,"[3.0, 3.0]","[4.05, 12.15]",0.9,"[0.3333333333333333, 1]","[1.0, 1.0]","[1.0, 1.0]","[1.0, 1.0]",0.7978555969501487,0,0,0,,0,00:00,0,,,,,,0,00:00,0,,,,,,0,00:00,0,,,,,,0,00:00,0,,,,,,0,00:00,0,,,,,,0,00:00,0,,,,,,0,00:00,0,,,,,,0,00:00,0,,,,
81,2,6,20,103,"[6.0, 6.0]","[8.1, 24.3]",0.9,"[0.3333333333333333, 1]","[1.0, 1.0]","[1.0, 1.0]","[1.0, 1.0]",0.8251332521382105,0,0,0,,0,00:00,0,,,,,,0,00:00,0,,,,,,0,00:00,0,,,,,,0,00:00,0,,,,,,0,00:00,0,,,,,,0,00:00,0,,,,,,0,00:00,0,,,,,,0,00:00,0,,,,
82,2,6,20,108,"[3.0, 6.0]","[4.05, 24.3]",0.9,"[0.3333333333333333, 1]","[1.0, 1.0]","[1.0, 1.0]","[1.0, 1.0]",0.8197701326110981,0,0,0,,0,00:00,0,,,,,,0,00:00,0,,,,,,0,00:00,0,,,,,,0,00:00,0,,,,,,0,00:00,0,,,,,,0,00:00,0,,,,,,0,00:00,0,,,,,,0,00:00,0,,,,
83,2,6,20,87,"[6.0, 12.0]","[8.1, 48.6]",0.9,"[0.3333333333333333, 1]","[1.0, 1.0]","[1.0, 1.0]","[1.0, 1.0]",0.8465854009310888,0,0,0,,0,00:00,0,,,,,,0,00:00,0,,,,,,0,00:00,0,,,,,,0,00:00,0,,,,,,0,00:00,0,,,,,,0,00:00,0,,,,,,0,00:00,0,,,,,,0,00:00,0,,,,
84,2,6,20,40,"[3.0, 3.0]","[6.3, 6.3]",0.7,"[1, 1]","[1.0, 1.0]","[1.0, 1.0]","[1.0, 1.0]",0.3877476338090317,0,0,0,,0,00:00,0,,,,,,0,00:00,0,,,,,,0,00:00,0,,,,,,0,00:00,0,,,,,,0,00:00,0,,,,,,0,00:00,0,,,,,,0,00:00,0,,,,,,0,00:00,0,,,,
85,2,6,20,30,"[6.0, 6.0]","[12.6, 12.6]",0.7,"[1, 1]","[1.0, 1.0]","[1.0, 1.0]","[1.0, 1.0]",0.4305891832532299,0,0,0,,0,00:00,0,,,,,,0,00:00,0,,,,,,0,00:00,0,,,,,,0,00:00,0,,,,,,0,00:00,0,,,,,,0,00:00,0,,,,,,0,00:00,0,,,,,,0,00:00,0,,,,
86,2,6,20,33,"[3.0, 6.0]","[6.3, 12.6]",0.7,"[1, 1]","[1.0, 1.0]","[1.0, 1.0]","[1.0, 1.0]",0.4105173638638359,0,0,0,,0,00:00,0,,,,,,0,00:00,0,,,,,,0,00:00,0,,,,,,0,00:00,0,,,,,,0,00:00,0,,,,,,0,00:00,0,,,,,,0,00:00,0,,,,,,0,00:00,0,,,,
87,2,6,20,26,"[6.0, 12.0]","[12.6, 25.2]",0.7,"[1, 1]","[1.0, 1.0]","[1.0, 1.0]","[1.0, 1.0]",0.4638603242087431,0,0,0,,0,00:00,0,,,,,,0,00:00,0,,,,,,0,00:00,0,,,,,,0,00:00,0,,,,,,0,00:00,0,,,,,,0,00:00,0,,,,,,0,00:00,0,,,,,,0,00:00,0,,,,
88,2,6,20,66,"[3.0, 3.0]","[7.2, 7.2]",0.8,"[1, 1]","[1.0, 1.0]","[1.0, 1.0]","[1.0, 1.0]",0.5872674076913782,0,0,0,,0,00:00,0,,,,,,0,00:00,0,,,,,,0,00:00,0,,,,,,0,00:00,0,,,,,,0,00:00,0,,,,,,0,00:00,0,,,,,,0,00:00,0,,,,,,0,00:00,0,,,,
89,2,6,20,48,"[6.0, 6.0]","[14.4, 14.4]",0.8,"[1, 1]","[1.0, 1.0]","[1.0, 1.0]","[1.0, 1.0]",0.6306922853104738,0,0,0,,0,00:00,0,,,,,,0,00:00,0,,,,,,0,00:00,0,,,,,,0,00:00,0,,,,,,0,00:00,0,,,,,,0,00:00,0,,,,,,0,00:00,0,,,,,,0,00:00,0,,,,
90,2,6,20,54,"[3.0, 6.0]","[7.2, 14.4]",0.8,"[1, 1]","[1.0, 1.0]","[1.0, 1.0]","[1.0, 1.0]",0.6113603658063297,0,0,0,,0,00:00,0,,,,,,0,00:00,0,,,,,,0,00:00,0,,,,,,0,00:00,0,,,,,,0,00:00,0,,,,,,0,00:00,0,,,,,,0,00:00,0,,,,,,0,00:00,0,,,,
91,2,6,20,43,"[6.0, 12.0]","[14.4, 28.8]",0.8,"[1, 1]","[1.0, 1.0]","[1.0, 1.0]","[1.0, 1.0]",0.6596378882137727,0,0,0,,0,00:00,0,,,,,,0,00:00,0,,,,,,0,00:00,0,,,,,,0,00:00,0,,,,,,0,00:00,0,,,,,,0,00:00,0,,,,,,0,00:00,0,,,,,,0,00:00,0,,,,
92,2,6,20,139,"[3.0, 3.0]","[8.1, 8.1]",0.9,"[1, 1]","[1.0, 1.0]","[1.0, 1.0]","[1.0, 1.0]",0.7978555969501487,0,0,0,,0,00:00,0,,,,,,0,00:00,0,,,,,,0,00:00,0,,,,,,0,00:00,0,,,,,,0,00:00,0,,,,,,0,00:00,0,,,,,,0,00:00,0,,,,,,0,00:00,0,,,,
93,2,6,20,103,"[6.0, 6.0]","[16.2, 16.2]",0.9,"[1, 1]","[1.0, 1.0]","[1.0, 1.0]","[1.0, 1.0]",0.8251332521382105,0,0,0,,0,00:00,0,,,,,,0,00:00,0,,,,,,0,00:00,0,,,,,,0,00:00,0,,,,,,0,00:00,0,,,,,,0,00:00,0,,,,,,0,00:00,0,,,,,,0,00:00,0,,,,
94,2,6,20,115,"[3.0, 6.0]","[8.1, 16.2]",0.9,"[1, 1]","[1.0, 1.0]","[1.0, 1.0]","[1.0, 1.0]",0.8135838619988641,0,0,0,,0,00:00,0,,,,,,0,00:00,0,,,,,,0,00:00,0,,,,,,0,00:00,0,,,,,,0,00:00,0,,,,,,0,00:00,0,,,,,,0,00:00,0,,,,,,0,00:00,0,,,,
95,2,6,20,90,"[6.0, 12.0]","[16.2, 32.4]",0.9,"[1, 1]","[1.0, 1.0]","[1.0, 1.0]","[1.0, 1.0]",0.840941613356355,0,0,0,,0,00:00,0,,,,,,0,00:00,0,,,,,,0,00:00,0,,,,,,0,00:00,0,,,,,,0,00:00,0,,,,,,0,00:00,0,,,,,,0,00:00,0,,,,,,0,00:00,0,,,,
96,2,6,20,40,"[3.0, 3.0]","[9.45, 3.15]",0.7,"[3, 1]","[1.0, 1.0]","[1.0, 1.0]","[1.0, 1.0]",0.3877476338090317,0,0,0,,0,00:00,0,,,,,,0,00:00,0,,,,,,0,00:00,0,,,,,,0,00:00,0,,,,,,0,00:00,0,,,,,,0,00:00,0,,,,,,0,00:00,0,,,,,,0,00:00,0,,,,
97,2,6,20,30,"[6.0, 6.0]","[18.9, 6.3]",0.7,"[3, 1]","[1.0, 1.0]","[1.0, 1.0]","[1.0, 1.0]",0.4305891832532299,0,0,0,,0,00:00,0,,,,,,0,00:00,0,,,,,,0,00:00,0,,,,,,0,00:00,0,,,,,,0,00:00,0,,,,,,0,00:00,0,,,,,,0,00:00,0,,,,,,0,00:00,0,,,,
98,2,6,20,36,"[3.0, 6.0]","[9.45, 6.3]",0.7,"[3, 1]","[1.0, 1.0]","[1.0, 1.0]","[1.0, 1.0]",0.3994813165257622,0,0,0,,0,00:00,0,,,,,,0,00:00,0,,,,,,0,00:00,0,,,,,,0,00:00,0,,,,,,0,00:00,0,,,,,,0,00:00,0,,,,,,0,00:00,0,,,,,,0,00:00,0,,,,
99,2,6,20,28,"[6.0, 12.0]","[18.9, 12.6]",0.7,"[3, 1]","[1.0, 1.0]","[1.0, 1.0]","[1.0, 1.0]",0.44825716881828714,0,0,0,,0,00:00,0,,,,,,0,00:00,0,,,,,,0,00:00,0,,,,,,0,00:00,0,,,,,,0,00:00,0,,,,,,0,00:00,0,,,,,,0,00:00,0,,,,,,0,00:00,0,,,,
100,2,6,20,66,"[3.0, 3.0]","[10.8, 3.6]",0.8,"[3, 1]","[1.0, 1.0]","[1.0, 1.0]","[1.0, 1.0]",0.5872674076913782,0,0,0,,0,00:00,0,,,,,,0,00:00,0,,,,,,0,00:00,0,,,,,,0,00:00,0,,,,,,0,00:00,0,,,,,,0,00:00,0,,,,,,0,00:00,0,,,,,,0,00:00,0,,,,
101,2,6,20,48,"[6.0, 6.0]","[21.6, 7.2]",0.8,"[3, 1]","[1.0, 1.0]","[1.0, 1.0]","[1.0, 1.0]",0.6306922853104738,0,0,0,,0,00:00,0,,,,,,0,00:00,0,,,,,,0,00:00,0,,,,,,0,00:00,0,,,,,,0,00:00,0,,,,,,0,00:00,0,,,,,,0,00:00,0,,,,,,0,00:00,0,,,,
102,2,6,20,59,"[3.0, 6.0]","[10.8, 7.2]",0.8,"[3, 1]","[1.0, 1.0]","[1.0, 1.0]","[1.0, 1.0]",0.6000043489507811,0,0,0,,0,00:00,0,,,,,,0,00:00,0,,,,,,0,00:00,0,,,,,,0,00:00,0,,,,,,0,00:00,0,,,,,,0,00:00,0,,,,,,0,00:00,0,,,,,,0,00:00,0,,,,
103,2,6,20,45,"[6.0, 12.0]","[21.6, 14.4]",0.8,"[3, 1]","[1.0, 1.0]","[1.0, 1.0]","[1.0, 1.0]",0.6464969467009619,0,0,0,,0,00:00,0,,,,,,0,00:00,0,,,,,,0,00:00,0,,,,,,0,00:00,0,,,,,,0,00:00,0,,,,,,0,00:00,0,,,,,,0,00:00,0,,,,,,0,00:00,0,,,,
104,2,6,20,139,"[3.0, 3.0]","[12.149999999999999, 4.05]",0.9,"[3, 1]","[1.0, 1.0]","[1.0, 1.0]","[1.0, 1.0]",0.7978555969501487,0,0,0,,0,00:00,0,,,,,,0,00:00,0,,,,,,0,00:00,0,,,,,,0,00:00,0,,,,,,0,00:00,0,,,,,,0,00:00,0,,,,,,0,00:00,0,,,,,,0,00:00,0,,,,
105,2,6,20,103,"[6.0, 6.0]","[24.299999999999997, 8.1]",0.9,"[3, 1]","[1.0, 1.0]","[1.0, 1.0]","[1.0, 1.0]",0.8251332521382105,0,0,0,,0,00:00,0,,,,,,0,00:00,0,,,,,,0,00:00,0,,,,,,0,00:00,0,,,,,,0,00:00,0,,,,,,0,00:00,0,,,,,,0,00:00,0,,,,,,0,00:00,0,,,,
106,2,6,20,125,"[3.0, 6.0]","[12.149999999999999, 8.1]",0.9,"[3, 1]","[1.0, 1.0]","[1.0, 1.0]","[1.0, 1.0]",0.8063709041419076,0,0,0,,0,00:00,0,,,,,,0,00:00,0,,,,,,0,00:00,0,,,,,,0,00:00,0,,,,,,0,00:00,0,,,,,,0,00:00,0,,,,,,0,00:00,0,,,,,,0,00:00,0,,,,
107,2,6,20,95,"[6.0, 12.0]","[24.299999999999997, 16.2]",0.9,"[3, 1]","[1.0, 1.0]","[1.0, 1.0]","[1.0, 1.0]",0.8339678051487754,0,0,0,,0,00:00,0,,,,,,0,00:00,0,,,,,,0,00:00,0,,,,,,0,00:00,0,,,,,,0,00:00,0,,,,,,0,00:00,0,,,,,,0,00:00,0,,,,,,0,00:00,0,,,,
