Unnamed: 0,J,S,D,size,size_i,gamma,e,t,c,r,P,lab,mu,load,target_prob,vi_job_id,vi_attempts,vi_time,vi_iter,vi_g,ospi_job_id,ospi_attempts,ospi_time,ospi_iter,ospi_g,opt_gap
0,2,2,263,627264,1881792,15,1e-05,"[1.0, 1.0]","[1.0, 1.0]","[1.0, 1.0]",1000.0,"[0.08333333333333333, 0.25]","[0.3333333333333333, 0.3333333333333333]",0.5,0.3310387984981227,3427384_1,4,(HH:MM:SS): 17:31:12,2824.0,0.2590611775716146,3381504_1,1,(HH:MM:SS): 05:33:33,1990.0,0.2587431271870931,0.001227703770603
1,2,2,191,331776,995328,15,1e-05,"[1.0, 1.0]","[1.0, 1.0]","[1.0, 1.0]",1000.0,"[0.08333333333333333, 0.375]","[0.3333333333333333, 0.5]",0.5,0.3302628358631546,3427385_2,4,(HH:MM:SS): 05:26:20,2262.0,0.3691265881061554,3381505_2,1,(HH:MM:SS): 01:46:37,1659.0,0.3670395612716675,0.0056539596488988
2,2,2,151,207936,623808,15,1e-05,"[1.0, 1.0]","[1.0, 1.0]","[1.0, 1.0]",1000.0,"[0.08333333333333333, 0.5]","[0.3333333333333333, 0.6666666666666666]",0.5,0.3295293918091181,3362469_3,1,(HH:MM:SS): 02:30:54,2102.0,0.4819972384721041,3381506_3,1,(MM:SS): 55:38,1518.0,0.478319764137268,0.0076296585152508
3,2,2,345,1077444,3232332,15,1e-05,"[1.0, 1.0]","[1.0, 1.0]","[1.0, 1.0]",1000.0,"[0.09999999999999998, 0.3]","[0.3333333333333333, 0.3333333333333333]",0.6,0.4487511563367252,3910130_1,15,15:00:00,,,3907705_1,15,15:00:00,,,
4,2,2,251,571536,1714608,15,1e-05,"[1.0, 1.0]","[1.0, 1.0]","[1.0, 1.0]",1000.0,"[0.09999999999999998, 0.45]","[0.3333333333333333, 0.5]",0.6,0.4483555367844185,3427388_5,4,(HH:MM:SS): 19:46:19,3668.0,0.3950772285461426,3907706_2,15,15:00:00,,,
5,2,2,198,356409,1069227,15,1e-05,"[1.0, 1.0]","[1.0, 1.0]","[1.0, 1.0]",1000.0,"[0.09999999999999998, 0.6]","[0.3333333333333333, 0.6666666666666666]",0.6,0.4479962034391186,3910131_2,15,15:00:00,,,3381522_6,1,(HH:MM:SS): 02:47:18,2343.0,0.5129210154215494,
6,2,2,478,2064969,6194907,15,1e-05,"[1.0, 1.0]","[1.0, 1.0]","[1.0, 1.0]",1000.0,"[0.11666666666666665, 0.35]","[0.3333333333333333, 0.3333333333333333]",0.7,0.5764781485383542,3910132_3,14,15:00:00,,,3907707_3,13,15:00:00,,,
7,2,2,348,1096209,3288627,15,1e-05,"[1.0, 1.0]","[1.0, 1.0]","[1.0, 1.0]",1000.0,"[0.11666666666666665, 0.525]","[0.3333333333333333, 0.5]",0.7,0.5765274485806553,3910133_4,14,15:00:00,,,3907708_4,13,15:00:00,,,
8,2,2,274,680625,2041875,15,1e-05,"[1.0, 1.0]","[1.0, 1.0]","[1.0, 1.0]",1000.0,"[0.11666666666666665, 0.7]","[0.3333333333333333, 0.6666666666666666]",0.7,0.5765995021557091,3427392_9,4,(HH:MM:SS): 20:13:38,2889.0,0.5633886829018593,3907709_5,12,15:00:00,,,
9,2,2,740,4941729,14825187,15,1e-05,"[1.0, 1.0]","[1.0, 1.0]","[1.0, 1.0]",1000.0,"[0.13333333333333333, 0.4]","[0.3333333333333333, 0.3333333333333333]",0.8,0.71212259713429,3910134_5,13,15:00:00,,,3907710_6,11,15:00:00,,,
10,2,2,539,2624400,7873200,15,1e-05,"[1.0, 1.0]","[1.0, 1.0]","[1.0, 1.0]",1000.0,"[0.13333333333333333, 0.6000000000000001]","[0.3333333333333333, 0.5]",0.8,0.712514423266722,3910135_6,12,15:00:00,,,3907711_7,11,15:00:00,,,
11,2,2,424,1625625,4876875,15,1e-05,"[1.0, 1.0]","[1.0, 1.0]","[1.0, 1.0]",1000.0,"[0.13333333333333333, 0.8]","[0.3333333333333333, 0.6666666666666666]",0.8,0.7129118031632804,3910136_7,12,15:00:00,,,3907712_8,11,15:00:00,,,
12,2,2,263,627264,1881792,15,1e-05,"[1.0, 1.0]","[1.0, 1.0]","[1.0, 1.0]",1000.0,"[0.16666666666666666, 0.16666666666666666]","[0.3333333333333333, 0.3333333333333333]",0.5,0.3310387984981227,3427408_13,4,(HH:MM:SS): 18:41:14,2488.0,0.2602639198303222,3381809_13,1,(HH:MM:SS): 06:50:03,2311.0,0.2595912615458171,0.002584523759358
13,2,2,210,400689,1202067,15,1e-05,"[1.0, 1.0]","[1.0, 1.0]","[1.0, 1.0]",1000.0,"[0.16666666666666666, 0.25]","[0.3333333333333333, 0.5]",0.5,0.3305166586190246,3367108_4,1,(HH:MM:SS): 07:18:03,2296.0,0.3335288763046264,3381909_14,1,(HH:MM:SS): 02:12:37,1003.0,0.3316811611875891,0.0055398954882386
14,2,2,175,278784,836352,15,1e-05,"[1.0, 1.0]","[1.0, 1.0]","[1.0, 1.0]",1000.0,"[0.16666666666666666, 0.3333333333333333]","[0.3333333333333333, 0.6666666666666666]",0.5,0.3300137362637362,3367109_5,1,(HH:MM:SS): 04:22:30,2362.0,0.4079574743906656,3381990_15,1,(MM:SS): 56:39,1038.0,0.4040594175457954,0.0095550568124592
15,2,2,345,1077444,3232332,15,1e-05,"[1.0, 1.0]","[1.0, 1.0]","[1.0, 1.0]",1000.0,"[0.19999999999999998, 0.19999999999999998]","[0.3333333333333333, 0.3333333333333333]",0.6,0.4487511563367252,3910137_8,12,15:00:00,,,3907713_9,11,15:00:00,,,
16,2,2,276,690561,2071683,15,1e-05,"[1.0, 1.0]","[1.0, 1.0]","[1.0, 1.0]",1000.0,"[0.19999999999999998, 0.3]","[0.3333333333333333, 0.5]",0.6,0.4484832771584133,3910138_9,12,(HH:MM:SS): 12:24:55,1721,0.3567476272583008,3382403_17,1,(HH:MM:SS): 06:46:04,1882.0,0.3529338836669922,0.010690312422308775
17,2,2,230,480249,1440747,15,1e-05,"[1.0, 1.0]","[1.0, 1.0]","[1.0, 1.0]",1000.0,"[0.19999999999999998, 0.39999999999999997]","[0.3333333333333333, 0.6666666666666666]",0.6,0.4482318271119841,3427413_18,4,(HH:MM:SS): 20:01:33,3891.0,0.4399795532226562,3382462_18,1,(HH:MM:SS): 05:44:26,1907.0,0.4312241872151692,0.0198994838359141
18,2,2,478,2064969,6194907,15,1e-05,"[1.0, 1.0]","[1.0, 1.0]","[1.0, 1.0]",1000.0,"[0.2333333333333333, 0.2333333333333333]","[0.3333333333333333, 0.3333333333333333]",0.7,0.5764781485383542,3910139_10,12,15:00:00,,,3907714_10,11,15:00:00,,,
19,2,2,383,1327104,3981312,15,1e-05,"[1.0, 1.0]","[1.0, 1.0]","[1.0, 1.0]",1000.0,"[0.2333333333333333, 0.35]","[0.3333333333333333, 0.5]",0.7,0.576508409680469,3910140_11,12,15:00:00,,,3907715_11,11,15:00:00,,,
20,2,2,319,921600,2764800,15,1e-05,"[1.0, 1.0]","[1.0, 1.0]","[1.0, 1.0]",1000.0,"[0.2333333333333333, 0.4666666666666666]","[0.3333333333333333, 0.6666666666666666]",0.7,0.576549014740701,3910141_12,12,15:00:00,,,3907716_12,10,15:00:00,,,
21,2,2,740,4941729,14825187,15,1e-05,"[1.0, 1.0]","[1.0, 1.0]","[1.0, 1.0]",1000.0,"[0.26666666666666666, 0.26666666666666666]","[0.3333333333333333, 0.3333333333333333]",0.8,0.71212259713429,3910142_13,12,15:00:00,,,3907717_13,10,15:00:00,,,
22,2,2,593,3175524,9526572,15,1e-05,"[1.0, 1.0]","[1.0, 1.0]","[1.0, 1.0]",1000.0,"[0.26666666666666666, 0.4]","[0.3333333333333333, 0.5]",0.8,0.7123831599103072,3910143_14,12,15:00:00,,,3907718_14,10,15:00:00,,,
23,2,2,494,2205225,6615675,15,1e-05,"[1.0, 1.0]","[1.0, 1.0]","[1.0, 1.0]",1000.0,"[0.26666666666666666, 0.5333333333333333]","[0.3333333333333333, 0.6666666666666666]",0.8,0.7126463031687128,3910144_15,12,15:00:00,,,3907719_15,11,15:00:00,,,
24,2,2,263,627264,1881792,15,1e-05,"[1.0, 1.0]","[1.0, 1.0]","[1.0, 1.0]",1000.0,"[0.25, 0.08333333333333333]","[0.3333333333333333, 0.3333333333333333]",0.5,0.3310387984981227,3427421_25,4,(HH:MM:SS): 17:32:49,2833.0,0.2590611775716146,3383633_25,1,(HH:MM:SS): 06:09:08,1982.0,0.2587431271870931,0.001227703770603
25,2,2,234,497025,1491075,15,1e-05,"[1.0, 1.0]","[1.0, 1.0]","[1.0, 1.0]",1000.0,"[0.25, 0.125]","[0.3333333333333333, 0.5]",0.5,0.3307752853207398,3367238_16,1,(HH:MM:SS): 10:09:21,2318.0,0.2952731847763061,3383974_26,1,(HH:MM:SS): 04:45:21,1558.0,0.2949627637863159,0.0010513009849687
26,2,2,210,400689,1202067,15,1e-05,"[1.0, 1.0]","[1.0, 1.0]","[1.0, 1.0]",1000.0,"[0.25, 0.16666666666666666]","[0.3333333333333333, 0.6666666666666666]",0.5,0.3305166586190246,3367264_17,1,(HH:MM:SS): 07:18:53,2299.0,0.3319307168324788,3384191_27,1,(HH:MM:SS): 02:14:45,1259.0,0.3306607405344645,0.0038260282450909
27,2,2,345,1077444,3232332,15,1e-05,"[1.0, 1.0]","[1.0, 1.0]","[1.0, 1.0]",1000.0,"[0.3, 0.09999999999999999]","[0.3333333333333333, 0.3333333333333333]",0.6,0.4487511563367252,3910145_16,12,15:00:00,,,3907720_16,10,15:00:00,,,
28,2,2,307,853776,2561328,15,1e-05,"[1.0, 1.0]","[1.0, 1.0]","[1.0, 1.0]",1000.0,"[0.3, 0.15]","[0.3333333333333333, 0.5]",0.6,0.4486151243921347,3910146_17,12,15:00:00,,,3385333_29,1,(HH:MM:SS): 13:18:02,1903.0,0.3124017715454101,
29,2,2,276,690561,2071683,15,1e-05,"[1.0, 1.0]","[1.0, 1.0]","[1.0, 1.0]",1000.0,"[0.3, 0.19999999999999998]","[0.3333333333333333, 0.6666666666666666]",0.6,0.4484832771584133,3910147_18,12,15:00:00,,,3385753_30,1,(HH:MM:SS): 07:28:29,2068.0,0.3515443801879883,
30,2,2,478,2064969,6194907,15,1e-05,"[1.0, 1.0]","[1.0, 1.0]","[1.0, 1.0]",1000.0,"[0.35, 0.11666666666666665]","[0.3333333333333333, 0.3333333333333333]",0.7,0.5764781485383542,3910148_19,12,15:00:00,,,3907721_17,10,15:00:00,,,
31,2,2,425,1633284,4899852,15,1e-05,"[1.0, 1.0]","[1.0, 1.0]","[1.0, 1.0]",1000.0,"[0.35, 0.175]","[0.3333333333333333, 0.5]",0.7,0.5764919564089258,3910149_20,12,15:00:00,,,3907722_18,10,15:00:00,,,
32,2,2,383,1327104,3981312,15,1e-05,"[1.0, 1.0]","[1.0, 1.0]","[1.0, 1.0]",1000.0,"[0.35, 0.2333333333333333]","[0.3333333333333333, 0.6666666666666666]",0.7,0.576508409680469,3910150_21,12,15:00:00,,,3907723_19,10,15:00:00,,,
33,2,2,740,4941729,14825187,15,1e-05,"[1.0, 1.0]","[1.0, 1.0]","[1.0, 1.0]",1000.0,"[0.4, 0.13333333333333333]","[0.3333333333333333, 0.3333333333333333]",0.8,0.71212259713429,3910151_22,12,15:00:00,,,3907724_20,10,15:00:00,,,
34,2,2,658,3908529,11725587,15,1e-05,"[1.0, 1.0]","[1.0, 1.0]","[1.0, 1.0]",1000.0,"[0.4, 0.2]","[0.3333333333333333, 0.5]",0.8,0.7122525414660247,3910152_23,12,15:00:00,,,3907725_21,10,15:00:00,,,
35,2,2,593,3175524,9526572,15,1e-05,"[1.0, 1.0]","[1.0, 1.0]","[1.0, 1.0]",1000.0,"[0.4, 0.26666666666666666]","[0.3333333333333333, 0.6666666666666666]",0.8,0.7123831599103072,3910153_24,12,15:00:00,,,3907726_22,10,15:00:00,,,
36,2,5,89,291600,874800,15,1e-05,"[1.0, 1.0]","[1.0, 1.0]","[1.0, 1.0]",1000.0,"[0.20833333333333331, 0.625]","[0.3333333333333333, 0.3333333333333333]",0.5,0.1297933660848856,3367276_27,1,(HH:MM:SS): 01:25:38,1141.0,0.7914942689239979,3389350_37,1,(MM:SS): 29:18,899.0,0.7902948930859566,0.0015153310455068
37,2,5,65,156816,470448,15,1e-05,"[1.0, 1.0]","[1.0, 1.0]","[1.0, 1.0]",1000.0,"[0.20833333333333331, 0.9375]","[0.3333333333333333, 0.5]",0.5,0.1297391640251755,3367277_28,1,(MM:SS): 29:39,991.0,1.1031999625265598,3389351_38,1,(MM:SS): 10:07,791.0,1.1002707481384275,0.0026551980489772
38,2,5,51,97344,292032,15,1e-05,"[1.0, 1.0]","[1.0, 1.0]","[1.0, 1.0]",1000.0,"[0.20833333333333331, 1.25]","[0.3333333333333333, 0.6666666666666666]",0.5,0.1297582976948838,3367278_29,1,(MM:SS): 13:57,936.0,1.420105000336965,3389352_39,1,(MM:SS): 05:13,798.0,1.4124592145284018,0.0053839580923586
39,2,5,125,571536,1714608,15,1e-05,"[1.0, 1.0]","[1.0, 1.0]","[1.0, 1.0]",1000.0,"[0.24999999999999994, 0.75]","[0.3333333333333333, 0.3333333333333333]",0.6,0.2380711825487944,3367309_30,1,(HH:MM:SS): 05:52:36,1727.0,0.8966343601544698,3389353_40,1,(HH:MM:SS): 01:50:55,1229.0,0.8920383453369141,0.0051258517649981
40,2,5,91,304704,914112,15,1e-05,"[1.0, 1.0]","[1.0, 1.0]","[1.0, 1.0]",1000.0,"[0.24999999999999994, 1.125]","[0.3333333333333333, 0.5]",0.6,0.238959576624254,3367310_31,1,(HH:MM:SS): 01:59:42,1491.0,1.2634527124464512,3389354_41,1,(MM:SS): 38:11,1061.0,1.25298410654068,0.008285712478705
41,2,5,72,191844,575532,15,1e-05,"[1.0, 1.0]","[1.0, 1.0]","[1.0, 1.0]",1000.0,"[0.24999999999999994, 1.5]","[0.3333333333333333, 0.6666666666666666]",0.6,0.2399212159402454,3367311_32,1,(MM:SS): 57:21,1420.0,1.639703909556071,3389355_42,1,(MM:SS): 20:01,1085.0,1.6169786453247073,0.0138593706454699
42,2,5,180,1179396,3538188,15,1e-05,"[1.0, 1.0]","[1.0, 1.0]","[1.0, 1.0]",1000.0,"[0.29166666666666663, 0.8749999999999999]","[0.3333333333333333, 0.3333333333333333]",0.7,0.3837319829586251,3910154_25,12,15:00:00,,,3907727_23,10,15:00:00,,,
43,2,5,131,627264,1881792,15,1e-05,"[1.0, 1.0]","[1.0, 1.0]","[1.0, 1.0]",1000.0,"[0.29166666666666663, 1.3125]","[0.3333333333333333, 0.5]",0.7,0.3860187418331117,3910155_26,12,15:00:00,,,3907728_24,10,15:00:00,,,
44,2,5,104,396900,1190700,15,1e-05,"[1.0, 1.0]","[1.0, 1.0]","[1.0, 1.0]",1000.0,"[0.29166666666666663, 1.7499999999999998]","[0.3333333333333333, 0.6666666666666666]",0.7,0.3883309664228036,3910156_27,12,15:00:00,,,3907729_25,10,15:00:00,,,
45,2,5,286,2965284,8895852,15,1e-05,"[1.0, 1.0]","[1.0, 1.0]","[1.0, 1.0]",1000.0,"[0.3333333333333333, 1.0]","[0.3333333333333333, 0.3333333333333333]",0.8,0.5635426790134779,3910157_28,12,15:00:00,,,3907730_26,10,15:00:00,,,
46,2,5,209,1587600,4762800,15,1e-05,"[1.0, 1.0]","[1.0, 1.0]","[1.0, 1.0]",1000.0,"[0.3333333333333333, 1.5]","[0.3333333333333333, 0.5]",0.8,0.5669578394667055,3910158_29,12,15:00:00,,,3910251_27,11,15:00:00,,,
47,2,5,165,992016,2976048,15,1e-05,"[1.0, 1.0]","[1.0, 1.0]","[1.0, 1.0]",1000.0,"[0.3333333333333333, 2.0]","[0.3333333333333333, 0.6666666666666666]",0.8,0.5703031638699687,3910159_30,12,15:00:00,,,3907732_28,10,15:00:00,,,
48,2,5,89,291600,874800,15,1e-05,"[1.0, 1.0]","[1.0, 1.0]","[1.0, 1.0]",1000.0,"[0.41666666666666663, 0.41666666666666663]","[0.3333333333333333, 0.3333333333333333]",0.5,0.1297933660848856,3367322_39,1,(HH:MM:SS): 01:40:02,1086.0,0.7926019839942455,3389775_49,1,(MM:SS): 31:53,766.0,0.7915705939133962,0.0013012711318885
49,2,5,71,186624,559872,15,1e-05,"[1.0, 1.0]","[1.0, 1.0]","[1.0, 1.0]",1000.0,"[0.41666666666666663, 0.625]","[0.3333333333333333, 0.5]",0.5,0.1297486563912791,3367323_40,1,(MM:SS): 38:31,992.0,1.0003728419542313,3389814_50,1,(MM:SS): 12:01,655.0,0.997830331325531,0.0025415630273743
50,2,5,60,133956,401868,15,1e-05,"[1.0, 1.0]","[1.0, 1.0]","[1.0, 1.0]",1000.0,"[0.41666666666666663, 0.8333333333333333]","[0.3333333333333333, 0.6666666666666666]",0.5,0.1297378098660921,3367324_41,1,(MM:SS): 22:42,955.0,1.210145155588786,3389938_51,1,(MM:SS): 07:20,643.0,1.2028435866038003,0.0060336307188151
51,2,5,125,571536,1714608,15,1e-05,"[1.0, 1.0]","[1.0, 1.0]","[1.0, 1.0]",1000.0,"[0.49999999999999994, 0.49999999999999994]","[0.3333333333333333, 0.3333333333333333]",0.6,0.2380711825487944,3367327_42,1,(HH:MM:SS): 05:36:52,1650.0,0.8990295728047689,3389939_52,1,(HH:MM:SS): 01:21:27,880.0,0.8949375152587891,0.0045516384218747
52,2,5,100,367236,1101708,15,1e-05,"[1.0, 1.0]","[1.0, 1.0]","[1.0, 1.0]",1000.0,"[0.49999999999999994, 0.75]","[0.3333333333333333, 0.5]",0.6,0.2386547882633936,3367328_43,1,(HH:MM:SS): 02:37:39,1488.0,1.1443622410297394,3389940_53,1,(HH:MM:SS): 01:02:02,1228.0,1.1347481608390808,0.0084012560411006
53,2,5,84,260100,780300,15,1e-05,"[1.0, 1.0]","[1.0, 1.0]","[1.0, 1.0]",1000.0,"[0.49999999999999994, 0.9999999999999999]","[0.3333333333333333, 0.6666666666666666]",0.6,0.2392724905399356,3367329_44,1,(HH:MM:SS): 01:29:13,1405.0,1.3924956321716309,3389941_54,1,(MM:SS): 46:10,1129.0,1.3709068298339844,0.0155036768797459
54,2,5,180,1179396,3538188,15,1e-05,"[1.0, 1.0]","[1.0, 1.0]","[1.0, 1.0]",1000.0,"[0.5833333333333333, 0.5833333333333333]","[0.3333333333333333, 0.3333333333333333]",0.7,0.3837319829586251,3910160_31,12,15:00:00,,,3907733_29,10,15:00:00,,,
55,2,5,144,756900,2270700,15,1e-05,"[1.0, 1.0]","[1.0, 1.0]","[1.0, 1.0]",1000.0,"[0.5833333333333333, 0.875]","[0.3333333333333333, 0.5]",0.7,0.3852532157670306,3367333_46,1,(HH:MM:SS): 14:43:11,2841.0,1.2281227111816406,3907734_30,10,15:00:00,,,
56,2,5,121,535824,1607472,15,1e-05,"[1.0, 1.0]","[1.0, 1.0]","[1.0, 1.0]",1000.0,"[0.5833333333333333, 1.1666666666666665]","[0.3333333333333333, 0.6666666666666666]",0.7,0.3867870847626597,3367334_47,1,(HH:MM:SS): 09:53:46,2634.0,1.5104929606119792,3907735_31,10,15:00:00,,,
57,2,5,286,2965284,8895852,15,1e-05,"[1.0, 1.0]","[1.0, 1.0]","[1.0, 1.0]",1000.0,"[0.6666666666666666, 0.6666666666666666]","[0.3333333333333333, 0.3333333333333333]",0.8,0.5635426790134779,3910161_32,12,15:00:00,,,3910256_32,11,15:00:00,,,
58,2,5,230,1920996,5762988,15,1e-05,"[1.0, 1.0]","[1.0, 1.0]","[1.0, 1.0]",1000.0,"[0.6666666666666666, 1.0]","[0.3333333333333333, 0.5]",0.8,0.5658271353896143,3910162_33,12,15:00:00,,,3910257_33,9,15:00:00,,,
59,2,5,192,1340964,4022892,15,1e-05,"[1.0, 1.0]","[1.0, 1.0]","[1.0, 1.0]",1000.0,"[0.6666666666666666, 1.3333333333333333]","[0.3333333333333333, 0.6666666666666666]",0.8,0.568080777056859,3910163_34,12,15:00:00,,,3910258_34,9,15:00:00,,,
60,2,5,89,291600,874800,15,1e-05,"[1.0, 1.0]","[1.0, 1.0]","[1.0, 1.0]",1000.0,"[0.625, 0.20833333333333331]","[0.3333333333333333, 0.3333333333333333]",0.5,0.1297933660848856,3367385_51,1,(HH:MM:SS): 01:26:01,1144.0,0.7915015829106172,3390505_61,1,(MM:SS): 31:30,899.0,0.7902873431642851,0.0015340964219768
61,2,5,79,230400,691200,15,1e-05,"[1.0, 1.0]","[1.0, 1.0]","[1.0, 1.0]",1000.0,"[0.625, 0.3125]","[0.3333333333333333, 0.5]",0.5,0.1297666104853576,3367386_52,1,(MM:SS): 55:45,1052.0,0.894976332783699,3390506_62,1,(MM:SS): 17:45,711.0,0.8936987817287445,0.0014274690940495
62,2,5,71,186624,559872,15,1e-05,"[1.0, 1.0]","[1.0, 1.0]","[1.0, 1.0]",1000.0,"[0.625, 0.41666666666666663]","[0.3333333333333333, 0.6666666666666666]",0.5,0.1297486563912791,3367387_53,1,(MM:SS): 39:39,1021.0,0.9992343684037528,3390507_63,1,(MM:SS): 14:09,736.0,0.9952763716379802,0.003961029455077
63,2,5,125,571536,1714608,15,1e-05,"[1.0, 1.0]","[1.0, 1.0]","[1.0, 1.0]",1000.0,"[0.7499999999999999, 0.24999999999999997]","[0.3333333333333333, 0.3333333333333333]",0.6,0.2380711825487944,3367389_54,1,(HH:MM:SS): 07:16:14,1758.0,0.8966437975565593,3390508_64,1,(HH:MM:SS): 01:59:04,1215.0,0.8920383453369141,0.0051363230663007
64,2,5,111,451584,1354752,15,1e-05,"[1.0, 1.0]","[1.0, 1.0]","[1.0, 1.0]",1000.0,"[0.7499999999999999, 0.375]","[0.3333333333333333, 0.5]",0.6,0.2383585189429205,3367392_55,1,(HH:MM:SS): 04:50:55,1631.0,1.0174846649169922,3390509_65,1,(HH:MM:SS): 01:25:49,1201.0,1.012277603149414,0.0051175825514804
65,2,5,100,367236,1101708,15,1e-05,"[1.0, 1.0]","[1.0, 1.0]","[1.0, 1.0]",1000.0,"[0.7499999999999999, 0.49999999999999994]","[0.3333333333333333, 0.6666666666666666]",0.6,0.2386547882633936,3367393_56,1,(HH:MM:SS): 03:26:25,1563.0,1.1405020952224731,3391116_66,1,(HH:MM:SS): 01:05:50,1214.0,1.1284271876017251,0.0105873611905926
66,2,5,180,1179396,3538188,15,1e-05,"[1.0, 1.0]","[1.0, 1.0]","[1.0, 1.0]",1000.0,"[0.8749999999999999, 0.29166666666666663]","[0.3333333333333333, 0.3333333333333333]",0.7,0.3837319829586251,3910164_35,12,15:00:00,,,3910259_35,9,15:00:00,,,
67,2,5,160,933156,2799468,15,1e-05,"[1.0, 1.0]","[1.0, 1.0]","[1.0, 1.0]",1000.0,"[0.8749999999999999, 0.4375]","[0.3333333333333333, 0.5]",0.7,0.3844908436925104,3910165_36,12,(HH:MM:SS): 08:36:59,1221,1.0817360877990723,3910260_36,9,15:00:00,,,
68,2,5,144,756900,2270700,15,1e-05,"[1.0, 1.0]","[1.0, 1.0]","[1.0, 1.0]",1000.0,"[0.8749999999999999, 0.5833333333333333]","[0.3333333333333333, 0.6666666666666666]",0.7,0.3852532157670306,3427466_69,4,(HH:MM:SS): 15:38:51,3027.0,1.2208938598632812,3910261_37,9,15:00:00,,,
69,2,5,286,2965284,8895852,15,1e-05,"[1.0, 1.0]","[1.0, 1.0]","[1.0, 1.0]",1000.0,"[1.0, 0.3333333333333333]","[0.3333333333333333, 0.3333333333333333]",0.8,0.5635426790134779,3910166_37,12,15:00:00,,,3910262_38,9,15:00:00,,,
70,2,5,255,2359296,7077888,15,1e-05,"[1.0, 1.0]","[1.0, 1.0]","[1.0, 1.0]",1000.0,"[1.0, 0.5]","[0.3333333333333333, 0.5]",0.8,0.5646887248199801,3910167_38,10,15:00:00,,,3910263_39,9,15:00:00,,,
71,2,5,230,1920996,5762988,15,1e-05,"[1.0, 1.0]","[1.0, 1.0]","[1.0, 1.0]",1000.0,"[1.0, 0.6666666666666666]","[0.3333333333333333, 0.6666666666666666]",0.8,0.5658271353896143,3910168_39,10,15:00:00,,,3910264_40,9,15:00:00,,,
72,2,10,34,148225,444675,15,1e-05,"[1.0, 1.0]","[1.0, 1.0]","[1.0, 1.0]",1000.0,"[0.41666666666666663, 1.25]","[0.3333333333333333, 0.3333333333333333]",0.5,0.0363243371736741,3381205_3,1,(MM:SS): 11:09,661.0,1.6900954147179923,3391637_73,1,(MM:SS): 03:59,501.0,1.6569515069325766,0.0196106725672325
73,2,10,25,81796,245388,15,1e-05,"[1.0, 1.0]","[1.0, 1.0]","[1.0, 1.0]",1000.0,"[0.41666666666666663, 1.875]","[0.3333333333333333, 0.5]",0.5,0.0365492506222048,3381206_4,1,(MM:SS): 04:17,602.0,2.3646172881126404,3391638_74,1,(MM:SS): 02:03,536.0,2.285159528255462,0.0336027991745754
74,2,10,20,53361,160083,15,1e-05,"[1.0, 1.0]","[1.0, 1.0]","[1.0, 1.0]",1000.0,"[0.41666666666666663, 2.5]","[0.3333333333333333, 0.6666666666666666]",0.5,0.0368296651019824,3381264_5,1,(MM:SS): 02:01,521.0,3.057526151339213,3391639_75,1,(MM:SS): 01:39,570.0,2.9146291812260943,0.0467361399510938
75,2,10,54,366025,1098075,15,1e-05,"[1.0, 1.0]","[1.0, 1.0]","[1.0, 1.0]",1000.0,"[0.4999999999999999, 1.5]","[0.3333333333333333, 0.3333333333333333]",0.6,0.1050375978272656,3381275_6,1,(MM:SS): 59:59,939.0,1.9800240794817607,3391640_76,1,(MM:SS): 30:40,881.0,1.952884594599406,0.0137066438552899
76,2,10,40,203401,610203,15,1e-05,"[1.0, 1.0]","[1.0, 1.0]","[1.0, 1.0]",1000.0,"[0.4999999999999999, 2.25]","[0.3333333333333333, 0.5]",0.6,0.1066678412577839,3381276_7,1,(MM:SS): 23:01,856.0,2.788850963115692,3391641_77,1,(MM:SS): 14:17,832.0,2.7071505784988403,0.0292953570116835
77,2,10,31,123904,371712,15,1e-05,"[1.0, 1.0]","[1.0, 1.0]","[1.0, 1.0]",1000.0,"[0.4999999999999999, 3.0]","[0.3333333333333333, 0.6666666666666666]",0.6,0.1083811799201802,3381299_8,1,(MM:SS): 11:08,858.0,3.627538283665975,3391642_78,1,(MM:SS): 06:55,765.0,3.466309309005737,0.0444458368327131
78,2,10,83,853776,2561328,15,1e-05,"[1.0, 1.0]","[1.0, 1.0]","[1.0, 1.0]",1000.0,"[0.5833333333333333, 1.7499999999999998]","[0.3333333333333333, 0.3333333333333333]",0.7,0.2341700703816361,3381300_9,1,(HH:MM:SS): 06:07:09,1639.0,2.198282877604167,3910265_41,9,15:00:00,,,
79,2,10,61,465124,1395372,15,1e-05,"[1.0, 1.0]","[1.0, 1.0]","[1.0, 1.0]",1000.0,"[0.5833333333333333, 2.625]","[0.3333333333333333, 0.5]",0.7,0.2389274613087233,3910169_40,8,15:00:00,,,3910266_42,9,15:00:00,,,
80,2,10,48,290521,871563,15,1e-05,"[1.0, 1.0]","[1.0, 1.0]","[1.0, 1.0]",1000.0,"[0.5833333333333333, 3.4999999999999996]","[0.3333333333333333, 0.6666666666666666]",0.7,0.2436867330215507,3910170_41,8,15:00:00,,,3910267_43,8,15:00:00,,,
81,2,10,138,2337841,7013523,15,1e-05,"[1.0, 1.0]","[1.0, 1.0]","[1.0, 1.0]",1000.0,"[0.6666666666666666, 2.0]","[0.3333333333333333, 0.3333333333333333]",0.8,0.4329077381846541,3910171_42,8,15:00:00,,,3910268_44,8,15:00:00,,,
82,2,10,101,1258884,3776652,15,1e-05,"[1.0, 1.0]","[1.0, 1.0]","[1.0, 1.0]",1000.0,"[0.6666666666666666, 3.0]","[0.3333333333333333, 0.5]",0.8,0.4412339585998745,3910172_43,8,15:00:00,,,3910269_45,8,15:00:00,,,
83,2,10,80,793881,2381643,15,1e-05,"[1.0, 1.0]","[1.0, 1.0]","[1.0, 1.0]",1000.0,"[0.6666666666666666, 4.0]","[0.3333333333333333, 0.6666666666666666]",0.8,0.4492482085093014,3910173_44,6,15:00:00,,,3910270_46,8,15:00:00,,,
84,2,10,34,148225,444675,15,1e-05,"[1.0, 1.0]","[1.0, 1.0]","[1.0, 1.0]",1000.0,"[0.8333333333333333, 0.8333333333333333]","[0.3333333333333333, 0.3333333333333333]",0.5,0.0363243371736741,3472662_45,1,(MM:SS): 10:38,631.0,1.6945168375968935,3391914_85,1,(MM:SS): 04:23,545.0,1.6573925813039143,0.0219084611431938
85,2,10,27,94864,284592,15,1e-05,"[1.0, 1.0]","[1.0, 1.0]","[1.0, 1.0]",1000.0,"[0.8333333333333333, 1.25]","[0.3333333333333333, 0.5]",0.5,0.0364675565657167,3472663_46,1,(MM:SS): 05:24,611.0,2.1454137563705444,3391915_86,1,(MM:SS): 02:33,542.0,2.07570880651474,0.0324902129711922
86,2,10,23,69696,209088,15,1e-05,"[1.0, 1.0]","[1.0, 1.0]","[1.0, 1.0]",1000.0,"[0.8333333333333333, 1.6666666666666665]","[0.3333333333333333, 0.6666666666666666]",0.5,0.0366370882690403,3472664_47,1,(MM:SS): 03:17,581.0,2.605482041835785,3391916_87,1,(MM:SS): 01:40,513.0,2.4939350287119546,0.0428124283079824
87,2,10,54,366025,1098075,15,1e-05,"[1.0, 1.0]","[1.0, 1.0]","[1.0, 1.0]",1000.0,"[0.9999999999999999, 0.9999999999999999]","[0.3333333333333333, 0.3333333333333333]",0.6,0.1050375978272656,3472665_48,1,(MM:SS): 58:55,921.0,1.9870599110921223,3391917_88,1,(MM:SS): 35:18,932.0,1.9542170067628224,0.0165283915930089
88,2,10,43,234256,702768,15,1e-05,"[1.0, 1.0]","[1.0, 1.0]","[1.0, 1.0]",1000.0,"[0.9999999999999999, 1.5]","[0.3333333333333333, 0.5]",0.6,0.1061141675677602,3472666_49,1,(MM:SS): 28:31,861.0,2.5292927026748657,3391918_89,1,(MM:SS): 19:07,877.0,2.456260323524475,0.0288746253342505
89,2,10,36,165649,496947,15,1e-05,"[1.0, 1.0]","[1.0, 1.0]","[1.0, 1.0]",1000.0,"[0.9999999999999999, 1.9999999999999998]","[0.3333333333333333, 0.6666666666666666]",0.6,0.1072307042752271,3472667_50,1,(MM:SS): 17:05,861.0,3.0864338080088296,3391919_90,1,(MM:SS): 11:04,810.0,2.956719795862833,0.0420271485522897
90,2,10,83,853776,2561328,15,1e-05,"[1.0, 1.0]","[1.0, 1.0]","[1.0, 1.0]",1000.0,"[1.1666666666666665, 1.1666666666666665]","[0.3333333333333333, 0.3333333333333333]",0.7,0.2341700703816361,3910174_45,6,15:00:00,,,3910271_47,8,15:00:00,,,
91,2,10,67,559504,1678512,15,1e-05,"[1.0, 1.0]","[1.0, 1.0]","[1.0, 1.0]",1000.0,"[1.1666666666666665, 1.75]","[0.3333333333333333, 0.5]",0.7,0.2373402935205802,3472669_52,1,(HH:MM:SS): 02:36:00,1301.0,2.820858955383301,3910272_48,8,15:00:00,,,
92,2,10,56,393129,1179387,15,1e-05,"[1.0, 1.0]","[1.0, 1.0]","[1.0, 1.0]",1000.0,"[1.1666666666666665, 2.333333333333333]","[0.3333333333333333, 0.6666666666666666]",0.7,0.2405147806773423,3472670_53,1,(HH:MM:SS): 01:24:27,1191.0,3.465688625971476,3910273_49,8,15:00:00,,,
93,2,10,138,2337841,7013523,15,1e-05,"[1.0, 1.0]","[1.0, 1.0]","[1.0, 1.0]",1000.0,"[1.3333333333333333, 1.3333333333333333]","[0.3333333333333333, 0.3333333333333333]",0.8,0.4329077381846541,3910175_46,6,15:00:00,,,3910223_50,8,15:00:00,,,
94,2,10,111,1517824,4553472,15,1e-05,"[1.0, 1.0]","[1.0, 1.0]","[1.0, 1.0]",1000.0,"[1.3333333333333333, 2.0]","[0.3333333333333333, 0.5]",0.8,0.4384934624301448,3910176_47,6,15:00:00,,,3797302_51,6,17:00:00,,,
95,2,10,93,1069156,3207468,15,1e-05,"[1.0, 1.0]","[1.0, 1.0]","[1.0, 1.0]",1000.0,"[1.3333333333333333, 2.6666666666666665]","[0.3333333333333333, 0.6666666666666666]",0.8,0.4439397582033993,3910177_48,6,15:00:00,,,3797318_52,6,17:00:00,,,
96,2,10,34,148225,444675,15,1e-05,"[1.0, 1.0]","[1.0, 1.0]","[1.0, 1.0]",1000.0,"[1.25, 0.41666666666666663]","[0.3333333333333333, 0.3333333333333333]",0.5,0.0363243371736741,3472674_57,1,(MM:SS): 11:10,661.0,1.6900954147179923,3392168_97,1,(MM:SS): 04:12,501.0,1.6569515069325766,0.0196106725672325
97,2,10,30,116281,348843,15,1e-05,"[1.0, 1.0]","[1.0, 1.0]","[1.0, 1.0]",1000.0,"[1.25, 0.625]","[0.3333333333333333, 0.5]",0.5,0.036392430924154,3472829_58,1,(MM:SS): 07:44,651.0,1.915796622633934,3392169_98,1,(MM:SS): 03:20,520.0,1.866208016872406,0.0258840657592093
98,2,10,27,94864,284592,15,1e-05,"[1.0, 1.0]","[1.0, 1.0]","[1.0, 1.0]",1000.0,"[1.25, 0.8333333333333333]","[0.3333333333333333, 0.6666666666666666]",0.5,0.0364675565657167,3472830_59,1,(MM:SS): 07:23,651.0,2.143474221229553,3392170_99,1,(MM:SS): 03:05,478.0,2.074711720148722,0.0320799291168461
99,2,10,54,366025,1098075,15,1e-05,"[1.0, 1.0]","[1.0, 1.0]","[1.0, 1.0]",1000.0,"[1.4999999999999998, 0.49999999999999994]","[0.3333333333333333, 0.3333333333333333]",0.6,0.1050375978272656,3472831_60,1,(HH:MM:SS): 01:14:27,941.0,1.9800234586000445,3392171_100,1,(MM:SS): 28:43,883.0,1.952884594599406,0.0137063345804128
100,2,10,48,290521,871563,15,1e-05,"[1.0, 1.0]","[1.0, 1.0]","[1.0, 1.0]",1000.0,"[1.4999999999999998, 0.75]","[0.3333333333333333, 0.5]",0.6,0.1055704675020702,3472832_61,1,(MM:SS): 41:49,921.0,2.2493985295295715,3392186_101,1,(MM:SS): 21:13,877.0,2.203901410102844,0.0202263488792458
101,2,10,43,234256,702768,15,1e-05,"[1.0, 1.0]","[1.0, 1.0]","[1.0, 1.0]",1000.0,"[1.4999999999999998, 0.9999999999999999]","[0.3333333333333333, 0.6666666666666666]",0.6,0.1061141675677602,3472833_62,1,(MM:SS): 30:32,921.0,2.525043487548828,3392187_102,1,(MM:SS): 15:02,839.0,2.4518509705861407,0.0289866361999724
102,2,10,83,853776,2561328,15,1e-05,"[1.0, 1.0]","[1.0, 1.0]","[1.0, 1.0]",1000.0,"[1.7499999999999998, 0.5833333333333333]","[0.3333333333333333, 0.3333333333333333]",0.7,0.2341700703816361,3910178_49,6,15:00:00,,,3797319_53,6,17:00:00,,,
103,2,10,74,680625,2041875,15,1e-05,"[1.0, 1.0]","[1.0, 1.0]","[1.0, 1.0]",1000.0,"[1.7499999999999998, 0.875]","[0.3333333333333333, 0.5]",0.7,0.2357541677474195,3472835_64,1,(HH:MM:SS): 03:57:10,1481.0,2.500157356262207,3797330_54,6,17:00:00,,,
104,2,10,67,559504,1678512,15,1e-05,"[1.0, 1.0]","[1.0, 1.0]","[1.0, 1.0]",1000.0,"[1.7499999999999998, 1.1666666666666665]","[0.3333333333333333, 0.6666666666666666]",0.7,0.2373402935205802,3472836_65,1,(HH:MM:SS): 02:50:01,1421.0,2.8160826365153,3797331_55,7,17:00:00,,,
105,2,10,138,2337841,7013523,15,1e-05,"[1.0, 1.0]","[1.0, 1.0]","[1.0, 1.0]",1000.0,"[2.0, 0.6666666666666666]","[0.3333333333333333, 0.3333333333333333]",0.8,0.4329077381846541,3910125_50,6,15:00:00,,,3797332_56,7,17:00:00,,,
106,2,10,123,1860496,5581488,15,1e-05,"[1.0, 1.0]","[1.0, 1.0]","[1.0, 1.0]",1000.0,"[2.0, 1.0]","[0.3333333333333333, 0.5]",0.8,0.4357180945878628,3797399_51,4,17:00:00,,,3797333_57,7,17:00:00,,,
107,2,10,111,1517824,4553472,15,1e-05,"[1.0, 1.0]","[1.0, 1.0]","[1.0, 1.0]",1000.0,"[2.0, 1.3333333333333333]","[0.3333333333333333, 0.6666666666666666]",0.8,0.4384934624301448,3797191_52,4,17:00:00,,,3797173_58,7,17:00:00,,,
