Unnamed: 0,J,S,gamma,D,mu,lab,load,imbalance,t,c,r,t_prob,e,P,size,size_i,vi_job_id,vi_attempts,vi_time,vi_iter,vi_g_tmp,vi_g,ospi_job_id,ospi_attempts,ospi_time,ospi_iter,ospi_g_tmp,ospi_g,ospi_opt_gap_tmp,ospi_opt_gap,sdf_job_id,sdf_attempts,sdf_time,sdf_iter,sdf_g_tmp,sdf_g,sdf_opt_gap_tmp,sdf_opt_gap,fcfs_job_id,fcfs_attempts,fcfs_time,fcfs_iter,fcfs_g_tmp,fcfs_g,fcfs_opt_gap_tmp,fcfs_opt_gap,pi_job_id,pi_attempts,pi_time,pi_iter,pi_g_tmp,pi_g,pi_opt_gap_tmp,pi_opt_gap,cmu_t_min_job_id,cmu_t_min_attempts,cmu_t_min_time,cmu_t_min_iter,cmu_t_min_g_tmp,cmu_t_min_g,cmu_t_min_opt_gap_tmp,cmu_t_min_opt_gap
0,2,2,20,90,"[3.0, 3.0]","[1.0499999999999998, 3.1499999999999995]",0.7,"[0.3333333333333333, 1]","[1.0, 1.0]","[1.0, 1.0]","[1.0, 1.0]",0.5791301048620808,0.0001,1000.0,74529,223587,70092311.0,1,(HH:MM:SS): 02:59:56,1011,3.8979843854904175,3.8979843854904175,70095011.0,1,(HH:MM:SS): 02:59:26,951,3.862826108932495,3.862826108932495,0.00901960425721382,0.00901960425721382,70096371.0,1,(HH:MM:SS): 02:59:49,1591,3.729389578104019,3.729389578104019,0.04325179136529221,0.04325179136529221,70098071.0,1,(HH:MM:SS): 02:59:48,1591,3.729389578104019,3.729389578104019,0.04325179136529221,0.04325179136529221,70101331.0,1,(HH:MM:SS): 03:00:44,9,3.901052474975586,3.901052474975586,0.0007870964020761338,0.0007870964020761338,70261571.0,1,(HH:MM:SS): 02:59:40,1271,3.7334190160036087,3.7334190160036087,0.042218067906935525,0.042218067906935525
1,2,2,20,55,"[6.0, 6.0]","[2.0999999999999996, 6.299999999999999]",0.7,"[0.3333333333333333, 1]","[1.0, 1.0]","[1.0, 1.0]","[1.0, 1.0]",0.5848858685357073,0.0001,1000.0,28224,84672,70092322.0,1,(HH:MM:SS): 02:59:13,601,8.68826150894165,8.68826150894165,70095022.0,1,(HH:MM:SS): 02:59:10,741,8.530369758605957,8.530369758605957,0.0181729969998252,0.0181729969998252,70096382.0,1,(HH:MM:SS): 02:59:14,1071,8.44280743598938,8.44280743598938,0.028251229857625473,0.028251229857625473,70098082.0,1,(HH:MM:SS): 02:59:14,1071,8.44280743598938,8.44280743598938,0.028251229857625473,0.028251229857625473,70101552.0,1,(HH:MM:SS): 02:59:27,8,8.691776275634766,8.691776275634766,0.0004045420006635345,0.0004045420006635345,70261582.0,1,(HH:MM:SS): 02:59:12,891,8.302165627479553,8.302165627479553,0.0444387960772982,0.0444387960772982
2,2,2,20,60,"[3.0, 6.0]","[1.0499999999999998, 6.299999999999999]",0.7,"[0.3333333333333333, 1]","[1.0, 1.0]","[1.0, 1.0]","[1.0, 1.0]",0.5833269740425554,0.0001,1000.0,33489,100467,70092333.0,1,(HH:MM:SS): 02:59:13,671,7.503189265727997,7.503189265727997,70095033.0,1,(HH:MM:SS): 02:59:12,741,7.2053104639053345,7.2053104639053345,0.03970029160576701,0.03970029160576701,70096393.0,1,(HH:MM:SS): 02:59:17,1221,7.180668354034424,7.180668354034424,0.04298450968933148,0.04298450968933148,70098093.0,1,(HH:MM:SS): 02:59:17,1221,7.180668354034424,7.180668354034424,0.04298450968933148,0.04298450968933148,70101563.0,1,(HH:MM:SS): 02:59:40,8,7.506946563720703,7.506946563720703,0.0005007601247469995,0.0005007601247469995,70261593.0,1,(HH:MM:SS): 02:59:09,531,7.434675335884094,7.434675335884094,0.009131307690297883,0.009131307690297883
3,2,2,20,40,"[6.0, 12.0]","[2.0999999999999996, 12.599999999999998]",0.7,"[0.3333333333333333, 1]","[1.0, 1.0]","[1.0, 1.0]","[1.0, 1.0]",0.5945686031665092,0.0001,1000.0,15129,45387,70092344.0,1,(HH:MM:SS): 02:59:06,381,16.489290237426758,16.489290237426758,70095044.0,1,(HH:MM:SS): 02:59:08,721,15.26645278930664,15.26645278930664,0.07415949567947853,0.07415949567947853,70096404.0,1,(HH:MM:SS): 02:59:08,881,15.752840042114258,15.752840042114258,0.04466233444305163,0.04466233444305163,70098124.0,1,(HH:MM:SS): 02:59:08,881,15.752840042114258,15.752840042114258,0.04466233444305163,0.04466233444305163,70101744.0,1,(HH:MM:SS): 02:59:16,9,16.493377685546875,16.493377685546875,0.0002478850248411332,0.0002478850248411332,70261604.0,1,(HH:MM:SS): 02:59:07,561,16.065811157226562,16.065811157226562,0.02568206842760271,0.02568206842760271
4,2,2,20,141,"[3.0, 3.0]","[1.2000000000000002, 3.6000000000000005]",0.8,"[0.3333333333333333, 1]","[1.0, 1.0]","[1.0, 1.0]","[1.0, 1.0]",0.7184627066176041,0.0001,1000.0,181476,544428,70092355.0,1,(HH:MM:SS): 03:02:36,1811,4.069789171218872,4.069789171218872,70095075.0,1,(HH:MM:SS): 03:00:57,1781,3.9566160142421722,3.9566160142421722,0.027808112955100644,0.027808112955100644,70096415.0,1,(HH:MM:SS): 03:04:56,4081,3.5623397827148438,3.5623397827148438,0.12468689830241278,0.12468689830241278,70098135.0,1,(HH:MM:SS): 03:04:57,4081,3.5623397827148438,3.5623397827148438,0.12468689830241278,0.12468689830241278,70101755.0,1,(HH:MM:SS): 03:12:14,11,4.072360992431641,4.072360992431641,0.000631929838271773,0.000631929838271773,70261615.0,1,(HH:MM:SS): 03:03:36,3141,3.672371506690979,3.672371506690979,0.09765067619187492,0.09765067619187492
5,2,2,20,86,"[6.0, 6.0]","[2.4000000000000004, 7.200000000000001]",0.8,"[0.3333333333333333, 1]","[1.0, 1.0]","[1.0, 1.0]","[1.0, 1.0]",0.7257786613651428,0.0001,1000.0,68121,204363,70092366.0,1,(HH:MM:SS): 02:59:45,1291,9.3117955327034,9.3117955327034,70095086.0,1,(HH:MM:SS): 02:59:34,1421,9.116249442100525,9.116249442100525,0.02099982650135616,0.02099982650135616,70096426.0,1,(HH:MM:SS): 03:00:16,2911,8.684585571289062,8.684585571289062,0.06735650060308461,0.06735650060308461,70098146.0,1,(HH:MM:SS): 03:00:16,2911,8.684585571289062,8.684585571289062,0.06735650060308461,0.06735650060308461,70101826.0,1,(HH:MM:SS): 03:01:54,10,9.314491271972656,9.314491271972656,0.000289497257514842,0.000289497257514842,70261626.0,1,(HH:MM:SS): 03:00:03,2371,8.47314864397049,8.47314864397049,0.0900628547724817,0.0900628547724817
6,2,2,20,94,"[3.0, 6.0]","[1.2000000000000002, 7.200000000000001]",0.8,"[0.3333333333333333, 1]","[1.0, 1.0]","[1.0, 1.0]","[1.0, 1.0]",0.7240134199571369,0.0001,1000.0,81225,243675,70092377.0,1,(HH:MM:SS): 03:00:20,1941,8.143451750278473,8.143451750278473,70095097.0,1,(HH:MM:SS): 02:59:32,1091,7.513845920562744,7.513845920562744,0.07731436852857866,0.07731436852857866,70096437.0,1,(HH:MM:SS): 03:00:42,3161,7.2186737060546875,7.2186737060546875,0.11356094105821427,0.11356094105821427,70098157.0,1,(HH:MM:SS): 03:00:41,3161,7.2186737060546875,7.2186737060546875,0.11356094105821427,0.11356094105821427,70101847.0,1,(HH:MM:SS): 03:02:55,11,8.147811889648438,8.147811889648438,0.0005354166149281231,0.0005354166149281231,70261637.0,1,(HH:MM:SS): 02:59:36,1321,8.106231331825256,8.106231331825256,0.004570594828162857,0.004570594828162857
7,2,2,20,63,"[6.0, 12.0]","[2.4000000000000004, 14.400000000000002]",0.8,"[0.3333333333333333, 1]","[1.0, 1.0]","[1.0, 1.0]","[1.0, 1.0]",0.7352308047287487,0.0001,1000.0,36864,110592,70092388.0,1,(HH:MM:SS): 02:59:21,1201,17.97783660888672,17.97783660888672,70095108.0,1,(HH:MM:SS): 02:59:19,1331,16.97542953491211,16.97542953491211,0.0557579366072948,0.0557579366072948,70096448.0,1,(HH:MM:SS): 02:59:37,2641,16.778564453125,16.778564453125,0.06670836885729066,0.06670836885729066,70098168.0,1,(HH:MM:SS): 02:59:36,2641,16.778564453125,16.778564453125,0.06670836885729066,0.06670836885729066,70101888.0,1,(HH:MM:SS): 03:00:22,10,17.9810791015625,17.9810791015625,0.0001803605598561529,0.0001803605598561529,70261648.0,1,(HH:MM:SS): 02:59:15,1081,17.799331665039062,17.799331665039062,0.00992916710342214,0.00992916710342214
8,2,2,20,291,"[3.0, 3.0]","[1.35, 4.050000000000001]",0.9,"[0.3333333333333333, 1]","[1.0, 1.0]","[1.0, 1.0]","[1.0, 1.0]",0.8598962687009235,0.0001,1000.0,767376,2302128,70092399.0,1,(HH:MM:SS): 05:40:08,10121,3.891357421875,,70095119.0,1,(HH:MM:SS): 05:40:08,24551,3.6727142333984375,,0.05618686868686869,,70096469.0,1,(HH:MM:SS): 05:40:12,14361,2.534576416015625,,0.3486652236652237,,70098179.0,1,(HH:MM:SS): 05:40:11,14491,2.5347518920898438,,0.34862012987012986,,70101959.0,1,(HH:MM:SS): 05:40:26,11,9.367965698242188,,1.4073773448773448,,70261659.0,1,(HH:MM:SS): 05:40:10,14951,2.97607421875,,0.2352092352092352,
9,2,2,20,178,"[6.0, 6.0]","[2.7, 8.100000000000001]",0.9,"[0.3333333333333333, 1]","[1.0, 1.0]","[1.0, 1.0]","[1.0, 1.0]",0.8653758829465187,0.0001,1000.0,288369,865107,700924010.0,1,(HH:MM:SS): 05:40:06,43431,9.191802978515625,,700951210.0,1,(HH:MM:SS): 05:40:06,83801,8.54156494140625,,0.07074107643834433,,700964710.0,1,(HH:MM:SS): 05:40:06,59991,6.864990234375,,0.2531399715136605,,700981810.0,1,(HH:MM:SS): 05:40:07,59861,6.864990234375,,0.2531399715136605,,701023910.0,1,(HH:MM:SS): 05:40:11,11,26.10394287109375,,1.8399154042038932,,702616610.0,1,(HH:MM:SS): 05:40:06,59411,6.84515380859375,,0.25529802753679487,
10,2,2,20,195,"[3.0, 6.0]","[1.35, 8.100000000000001]",0.9,"[0.3333333333333333, 1]","[1.0, 1.0]","[1.0, 1.0]","[1.0, 1.0]",0.8641422464573232,0.0001,1000.0,345744,1037232,700924111.0,1,(HH:MM:SS): 03:13:13,2921,8.669906616210938,8.669906616210938,700951311.0,1,(HH:MM:SS): 05:40:06,69551,7.63702392578125,,0.11913423479076578,,700964811.0,1,(HH:MM:SS): 05:40:06,46621,5.5081787109375,,0.364678426796623,,700981911.0,1,(HH:MM:SS): 05:40:06,46101,5.5081787109375,,0.364678426796623,,701026211.0,1,(HH:MM:SS): 05:40:11,11,19.26839578151703,,1.22244559652916,,702616711.0,1,(HH:MM:SS): 05:40:06,71501,8.23529052734375,,0.05012926991099824,
11,2,2,20,130,"[6.0, 12.0]","[2.7, 16.200000000000003]",0.9,"[0.3333333333333333, 1]","[1.0, 1.0]","[1.0, 1.0]","[1.0, 1.0]",0.8713493366243232,0.0001,1000.0,154449,463347,700925312.0,1,(HH:MM:SS): 03:07:00,5181,18.797042846679688,18.797042846679688,700951412.0,1,(HH:MM:SS): 03:02:23,3751,16.9482421875,16.9482421875,0.09835593152921178,0.09835593152921178,700964912.0,1,(HH:MM:SS): 05:40:06,139271,14.16015625,,0.24668170597370043,,700982012.0,1,(HH:MM:SS): 05:40:06,139101,14.16015625,,0.24668170597370043,,701032412.0,1,(HH:MM:SS): 05:40:07,11,51.97480010986328,,1.765051957044622,,702624812.0,1,(HH:MM:SS): 03:02:05,3611,18.4443359375,18.4443359375,0.018763957291398615,0.018763957291398615
12,2,2,20,90,"[3.0, 3.0]","[2.0999999999999996, 2.0999999999999996]",0.7,"[1, 1]","[1.0, 1.0]","[1.0, 1.0]","[1.0, 1.0]",0.5791301048620808,0.0001,1000.0,74529,223587,700925413.0,1,(HH:MM:SS): 02:59:40,1001,3.902380883693695,3.902380883693695,700951513.0,1,(HH:MM:SS): 02:59:30,1021,3.858675003051758,3.858675003051758,0.01119979877529756,0.01119979877529756,700965013.0,1,(HH:MM:SS): 02:59:48,1591,3.740679681301117,3.740679681301117,0.04143655045776161,0.04143655045776161,700982113.0,1,(HH:MM:SS): 02:59:48,1591,3.740679681301117,3.740679681301117,0.04143655045776161,0.04143655045776161,701034213.0,1,(HH:MM:SS): 03:00:20,11,3.905619651079178,,0.0008299465075324013,,702624913.0,1,(HH:MM:SS): 02:59:32,1001,3.8055002689361572,3.8055002689361572,0.024826027403516304,0.024826027403516304
13,2,2,20,55,"[6.0, 6.0]","[4.199999999999999, 4.199999999999999]",0.7,"[1, 1]","[1.0, 1.0]","[1.0, 1.0]","[1.0, 1.0]",0.5848858685357073,0.0001,1000.0,28224,84672,700925514.0,1,(HH:MM:SS): 02:59:11,631,8.710546493530273,8.710546493530273,700951614.0,1,(HH:MM:SS): 02:59:12,871,8.53852128982544,8.53852128982544,0.019749071293357436,0.019749071293357436,700965114.0,1,(HH:MM:SS): 02:59:14,1051,8.467182219028473,8.467182219028473,0.027939036280049533,0.027939036280049533,700983314.0,1,(HH:MM:SS): 02:59:14,1051,8.467182219028473,8.467182219028473,0.027939036280049533,0.027939036280049533,701038514.0,1,(HH:MM:SS): 02:59:22,11,8.714415371418,,0.000444160178767133,,702625014.0,1,(HH:MM:SS): 02:59:11,711,8.325989484786987,8.325989484786987,0.04414843649923853,0.04414843649923853
14,2,2,20,67,"[3.0, 6.0]","[2.0999999999999996, 4.199999999999999]",0.7,"[1, 1]","[1.0, 1.0]","[1.0, 1.0]","[1.0, 1.0]",0.5818278419907882,0.0001,1000.0,41616,124848,700925615.0,1,(HH:MM:SS): 02:59:19,841,6.289285629987717,6.289285629987717,700951815.0,1,(HH:MM:SS): 02:59:15,841,6.008490949869156,6.008490949869156,0.04464651418910182,0.04464651418910182,700965215.0,1,(HH:MM:SS): 02:59:23,1351,5.9786743223667145,5.9786743223667145,0.049387374957179174,0.049387374957179174,700983415.0,1,(HH:MM:SS): 02:59:23,1351,5.9786743223667145,5.9786743223667145,0.049387374957179174,0.049387374957179174,701041215.0,1,(HH:MM:SS): 02:59:47,8,6.292461395263672,6.292461395263672,0.0005049484890323549,0.0005049484890323549,702625115.0,1,(HH:MM:SS): 02:59:14,831,6.186262130737305,6.186262130737305,0.01638079510321321,0.01638079510321321
15,2,2,20,43,"[6.0, 12.0]","[4.199999999999999, 8.399999999999999]",0.7,"[1, 1]","[1.0, 1.0]","[1.0, 1.0]","[1.0, 1.0]",0.5913528318941824,0.0001,1000.0,17424,52272,700925716.0,1,(HH:MM:SS): 02:59:08,591,13.937646865844727,13.937646865844727,700951916.0,1,(HH:MM:SS): 02:59:08,781,13.19011116027832,13.19011116027832,0.05363428366077346,0.05363428366077346,700965316.0,1,(HH:MM:SS): 02:59:09,961,13.243729591369629,13.243729591369629,0.04978726187815787,0.04978726187815787,700983516.0,1,(HH:MM:SS): 02:59:09,961,13.243729591369629,13.243729591369629,0.04978726187815787,0.04978726187815787,701042416.0,1,(HH:MM:SS): 02:59:16,8,13.941787719726562,13.941787719726562,0.0002970984931454547,0.0002970984931454547,702625216.0,1,(HH:MM:SS): 02:59:07,621,13.416568756103516,13.416568756103516,0.037386376248213955,0.037386376248213955
16,2,2,20,141,"[3.0, 3.0]","[2.4000000000000004, 2.4000000000000004]",0.8,"[1, 1]","[1.0, 1.0]","[1.0, 1.0]","[1.0, 1.0]",0.7184627066176041,0.0001,1000.0,181476,544428,700925817.0,1,(HH:MM:SS): 03:03:33,2321,4.025387555360794,4.025387555360794,700952017.0,1,(HH:MM:SS): 03:02:04,2451,3.8371353149414062,3.8371353149414062,0.046766239978231074,0.046766239978231074,700965417.0,1,(HH:MM:SS): 03:04:57,4071,3.5851516723632812,3.5851516723632812,0.10936484423996154,0.10936484423996154,700983617.0,1,(HH:MM:SS): 03:04:59,4071,3.5851516723632812,3.5851516723632812,0.10936484423996154,0.10936484423996154,701043117.0,1,(HH:MM:SS): 03:09:19,11,4.028758615255356,,0.0008374497730218229,,702625317.0,1,(HH:MM:SS): 03:02:22,2281,3.889420673251152,3.889420673251152,0.0337773395082341,0.0337773395082341
17,2,2,20,86,"[6.0, 6.0]","[4.800000000000001, 4.800000000000001]",0.8,"[1, 1]","[1.0, 1.0]","[1.0, 1.0]","[1.0, 1.0]",0.7257786613651428,0.0001,1000.0,68121,204363,700925918.0,1,(HH:MM:SS): 02:59:55,1621,9.252398610115051,9.252398610115051,700952118.0,1,(HH:MM:SS): 02:59:40,1571,9.015115439891815,9.015115439891815,0.025645584482690758,0.025645584482690758,700965518.0,1,(HH:MM:SS): 03:00:17,2931,8.776031494140625,8.776031494140625,0.05148579693201337,0.05148579693201337,700983718.0,1,(HH:MM:SS): 03:00:17,2931,8.776031494140625,8.776031494140625,0.05148579693201337,0.05148579693201337,701043218.0,1,(HH:MM:SS): 03:01:26,11,9.256497621536255,,0.00044302149031089387,,702625418.0,1,(HH:MM:SS): 02:59:50,1841,8.64976954460144,8.64976954460144,0.0651321987851664,0.0651321987851664
18,2,2,20,104,"[3.0, 6.0]","[2.4000000000000004, 4.800000000000001]",0.8,"[1, 1]","[1.0, 1.0]","[1.0, 1.0]","[1.0, 1.0]",0.7222002586816996,0.0001,1000.0,99225,297675,700926019.0,1,(HH:MM:SS): 03:00:46,1991,6.741028070449829,6.741028070449829,700952219.0,1,(HH:MM:SS): 03:00:15,1911,6.075182020664215,6.075182020664215,0.09877514866084545,0.09877514866084545,700965619.0,1,(HH:MM:SS): 03:01:22,3481,5.9348602294921875,5.9348602294921875,0.11959123037798684,0.11959123037798684,700983819.0,1,(HH:MM:SS): 03:01:23,3481,5.9348602294921875,5.9348602294921875,0.11959123037798684,0.11959123037798684,701044019.0,1,(HH:MM:SS): 03:03:52,9,6.744285583496094,6.744285583496094,0.00048323683156644597,0.00048323683156644597,702625519.0,1,(HH:MM:SS): 03:00:03,1931,6.640033543109894,6.640033543109894,0.01498206598228806,0.01498206598228806
19,2,2,20,68,"[6.0, 12.0]","[4.800000000000001, 9.600000000000001]",0.8,"[1, 1]","[1.0, 1.0]","[1.0, 1.0]","[1.0, 1.0]",0.7322998855162601,0.0001,1000.0,42849,128547,700926120.0,1,(HH:MM:SS): 02:59:34,1721,15.081962585449219,15.081962585449219,700952320.0,1,(HH:MM:SS): 02:59:27,1721,14.10055160522461,14.10055160522461,0.06507183495942732,0.06507183495942732,700965720.0,1,(HH:MM:SS): 02:59:44,2791,14.0802001953125,14.0802001953125,0.06642122233502949,0.06642122233502949,700983920.0,1,(HH:MM:SS): 02:59:44,2791,14.0802001953125,14.0802001953125,0.06642122233502949,0.06642122233502949,701052820.0,1,(HH:MM:SS): 03:00:31,9,15.0863037109375,15.0863037109375,0.0002878355826495341,0.0002878355826495341,702625620.0,1,(HH:MM:SS): 02:59:26,1841,14.541893005371094,14.541893005371094,0.035808972275211286,0.035808972275211286
20,2,2,20,291,"[3.0, 3.0]","[2.7, 2.7]",0.9,"[1, 1]","[1.0, 1.0]","[1.0, 1.0]","[1.0, 1.0]",0.8598962687009234,0.0001,1000.0,767376,2302128,700926221.0,1,(HH:MM:SS): 05:40:06,10261,3.677276611328125,,700952421.0,1,(HH:MM:SS): 05:40:06,17531,2.9806365966796875,,0.18944455048673411,,700965821.0,1,(HH:MM:SS): 05:40:11,14081,2.560546875,,0.3036839091429662,,700984021.0,1,(HH:MM:SS): 05:40:10,14351,2.5614242553710938,,0.3034453139912197,,701073921.0,1,(HH:MM:SS): 05:40:24,11,8.371963500976562,,1.2766749379652604,,702625721.0,1,(HH:MM:SS): 05:40:06,14861,3.525665283203125,,0.04122924222179805,
21,2,2,20,178,"[6.0, 6.0]","[5.4, 5.4]",0.9,"[1, 1]","[1.0, 1.0]","[1.0, 1.0]","[1.0, 1.0]",0.8653758829465186,0.0001,1000.0,288369,865107,700926322.0,1,(HH:MM:SS): 03:21:51,6141,8.965469360351562,8.965469360351562,700952522.0,1,(HH:MM:SS): 05:40:07,69441,7.6441650390625,,0.14737703829900214,,700965922.0,1,(HH:MM:SS): 05:40:07,60011,7.0220947265625,,0.2167621744806071,,700984122.0,1,(HH:MM:SS): 05:40:06,59911,7.02288818359375,,0.2166736730313959,,701074122.0,1,(HH:MM:SS): 05:40:11,11,24.2607421875,,1.706020311082594,,702631822.0,1,(HH:MM:SS): 03:22:55,8811,7.6185760498046875,7.6185760498046875,0.15023121003606435,0.15023121003606435
22,2,2,20,216,"[3.0, 6.0]","[2.7, 5.4]",0.9,"[1, 1]","[1.0, 1.0]","[1.0, 1.0]","[1.0, 1.0]",0.8628232126259159,0.0001,1000.0,423801,1271403,700926423.0,1,(HH:MM:SS): 03:59:29,9241,6.6346893310546875,6.6346893310546875,700952623.0,1,(HH:MM:SS): 03:29:21,7241,5.09320068359375,5.09320068359375,0.23233772834633898,0.23233772834633898,700966223.0,1,(HH:MM:SS): 05:40:06,34741,4.45367431640625,,0.3287290339940802,,700984423.0,1,(HH:MM:SS): 05:40:08,35111,4.4544677734375,,0.32860944180345025,,701074923.0,1,(HH:MM:SS): 05:40:13,11,16.759002685546875,,1.5259664543905282,,702631923.0,1,(HH:MM:SS): 03:23:14,8041,6.550793647766113,6.550793647766113,0.012645005531138816,0.012645005531138816
23,2,2,20,141,"[6.0, 12.0]","[5.4, 10.8]",0.9,"[1, 1]","[1.0, 1.0]","[1.0, 1.0]","[1.0, 1.0]",0.8695929007501007,0.0001,1000.0,181476,544428,700926524.0,1,(HH:MM:SS): 03:12:52,7211,15.016845703125,15.016845703125,700952724.0,1,(HH:MM:SS): 03:15:25,12451,12.4765625,12.4765625,0.1691622364206864,0.1691622364206864,700966324.0,1,(HH:MM:SS): 05:40:06,111791,11.8203125,,0.21286315823700597,,700984524.0,1,(HH:MM:SS): 05:40:06,110831,11.8203125,,0.21286315823700597,,701076924.0,1,(HH:MM:SS): 05:40:08,11,46.700584411621094,,2.109879753369426,,702632024.0,1,(HH:MM:SS): 03:07:04,7861,13.969815254211426,13.969815254211426,0.06972372691394756,0.06972372691394756
24,2,2,20,90,"[3.0, 3.0]","[3.1499999999999995, 1.0499999999999998]",0.7,"[3, 1]","[1.0, 1.0]","[1.0, 1.0]","[1.0, 1.0]",0.5791301048620808,0.0001,1000.0,74529,223587,700926625.0,1,(HH:MM:SS): 02:59:40,1011,3.8979843854904175,3.8979843854904175,700952825.0,1,(HH:MM:SS): 02:59:31,951,3.862826108932495,3.862826108932495,0.00901960425721382,0.00901960425721382,700966425.0,1,(HH:MM:SS): 02:59:49,1581,3.729018747806549,3.729018747806549,0.04334692522443502,0.04334692522443502,700984625.0,1,(HH:MM:SS): 02:59:48,1581,3.729018747806549,3.729018747806549,0.04334692522443502,0.04334692522443502,701079925.0,1,(HH:MM:SS): 03:00:45,8,3.901052474975586,3.901052474975586,0.0007870964020761338,0.0007870964020761338,702632125.0,1,(HH:MM:SS): 02:59:29,881,3.8662687987089157,3.8662687987089157,0.008136406831068291,0.008136406831068291
25,2,2,20,55,"[6.0, 6.0]","[6.299999999999999, 2.0999999999999996]",0.7,"[3, 1]","[1.0, 1.0]","[1.0, 1.0]","[1.0, 1.0]",0.5848858685357073,0.0001,1000.0,28224,84672,700926726.0,1,(HH:MM:SS): 02:59:11,601,8.68828010559082,8.68828010559082,700952926.0,1,(HH:MM:SS): 02:59:11,741,8.53041934967041,8.53041934967041,0.018169390719669404,0.018169390719669404,700966526.0,1,(HH:MM:SS): 02:59:14,1071,8.436137437820435,8.436137437820435,0.029021010453856626,0.029021010453856626,700984726.0,1,(HH:MM:SS): 02:59:14,1071,8.436137437820435,8.436137437820435,0.029021010453856626,0.029021010453856626,701093826.0,1,(HH:MM:SS): 02:59:27,8,8.691776275634766,8.691776275634766,0.00040240070548549215,0.00040240070548549215,702632226.0,1,(HH:MM:SS): 02:59:09,531,8.475803315639496,8.475803315639496,0.024455563974577408,0.024455563974577408
26,2,2,20,76,"[3.0, 6.0]","[3.1499999999999995, 2.0999999999999996]",0.7,"[3, 1]","[1.0, 1.0]","[1.0, 1.0]","[1.0, 1.0]",0.5804166327988017,0.0001,1000.0,53361,160083,700929527.0,1,(HH:MM:SS): 02:59:31,1171,5.00202751159668,5.00202751159668,700953027.0,1,(HH:MM:SS): 02:59:22,971,4.882946193218231,4.882946193218231,0.02380661004010291,0.02380661004010291,700966627.0,1,(HH:MM:SS): 02:59:32,1511,4.806744873523712,4.806744873523712,0.0390406965216055,0.0390406965216055,700984827.0,1,(HH:MM:SS): 02:59:32,1511,4.806744873523712,4.806744873523712,0.0390406965216055,0.0390406965216055,701100127.0,1,(HH:MM:SS): 02:59:58,9,5.0054613053798676,5.0054613053798676,0.0006864803872483654,0.0006864803872483654,702632327.0,1,(HH:MM:SS): 02:59:22,1211,4.909582793712616,4.909582793712616,0.01848144930625437,0.01848144930625437
27,2,2,20,48,"[6.0, 12.0]","[6.299999999999999, 4.199999999999999]",0.7,"[3, 1]","[1.0, 1.0]","[1.0, 1.0]","[1.0, 1.0]",0.5881011515014676,0.0001,1000.0,21609,64827,700929628.0,1,(HH:MM:SS): 02:59:11,841,11.162286758422852,11.162286758422852,700953328.0,1,(HH:MM:SS): 02:59:10,821,10.794256210327148,10.794256210327148,0.032970891723238895,0.032970891723238895,700966728.0,1,(HH:MM:SS): 02:59:12,1101,10.752513885498047,10.752513885498047,0.036710477144443344,0.036710477144443344,700984928.0,1,(HH:MM:SS): 02:59:12,1101,10.752513885498047,10.752513885498047,0.036710477144443344,0.036710477144443344,701105728.0,1,(HH:MM:SS): 02:59:21,7,11.1671142578125,11.1671142578125,0.00043248301124370394,0.00043248301124370394,702632428.0,1,(HH:MM:SS): 02:59:10,931,10.765161514282227,10.765161514282227,0.03557740924734457,0.03557740924734457
28,2,2,20,141,"[3.0, 3.0]","[3.6000000000000005, 1.2000000000000002]",0.8,"[3, 1]","[1.0, 1.0]","[1.0, 1.0]","[1.0, 1.0]",0.7184627066176041,0.0001,1000.0,181476,544428,700929729.0,1,(HH:MM:SS): 03:02:35,1821,4.069904327392578,4.069904327392578,700953429.0,1,(HH:MM:SS): 03:01:38,1781,3.9566160142421722,3.9566160142421722,0.027835620701920798,0.027835620701920798,700966829.0,1,(HH:MM:SS): 03:04:54,4031,3.5623397827148438,3.5623397827148438,0.12471166490611593,0.12471166490611593,700985229.0,1,(HH:MM:SS): 03:04:53,4031,3.5623397827148438,3.5623397827148438,0.12471166490611593,0.12471166490611593,701107229.0,1,3:00:00,0,,,,,702632529.0,1,(HH:MM:SS): 03:01:35,1731,4.03169509768486,4.03169509768486,0.009388237814473883,0.009388237814473883
29,2,2,20,86,"[6.0, 6.0]","[7.200000000000001, 2.4000000000000004]",0.8,"[3, 1]","[1.0, 1.0]","[1.0, 1.0]","[1.0, 1.0]",0.7257786613651428,0.0001,1000.0,68121,204363,700929830.0,1,(HH:MM:SS): 02:59:45,1301,9.31199312210083,9.31199312210083,700953530.0,1,(HH:MM:SS): 02:59:39,1421,9.116249442100525,9.116249442100525,0.02102059971841393,0.02102059971841393,700966930.0,1,(HH:MM:SS): 03:00:17,2921,8.678932189941406,8.678932189941406,0.06798339773865751,0.06798339773865751,700985330.0,1,(HH:MM:SS): 03:00:17,2921,8.678932189941406,8.678932189941406,0.06798339773865751,0.06798339773865751,701315130.0,1,(HH:MM:SS): 03:02:03,10,9.314689636230469,9.314689636230469,0.0002895743257411605,0.0002895743257411605,702632630.0,1,(HH:MM:SS): 02:59:35,1251,9.114657878875732,9.114657878875732,0.02119151513941173,0.02119151513941173
30,2,2,20,119,"[3.0, 6.0]","[3.6000000000000005, 2.4000000000000004]",0.8,"[3, 1]","[1.0, 1.0]","[1.0, 1.0]","[1.0, 1.0]",0.7203463203463204,0.0001,1000.0,129600,388800,700929931.0,1,(HH:MM:SS): 03:02:30,2821,5.199424743652344,5.199424743652344,700953631.0,1,(HH:MM:SS): 03:00:48,1861,4.98093581199646,4.98093581199646,0.04202175094901093,0.04202175094901093,700967031.0,1,(HH:MM:SS): 03:02:42,3921,4.6740570068359375,4.6740570068359375,0.10104343513343379,0.10104343513343379,700985431.0,1,(HH:MM:SS): 03:02:42,3921,4.6740570068359375,4.6740570068359375,0.10104343513343379,0.10104343513343379,701359531.0,1,(HH:MM:SS): 03:05:45,11,5.202598571777344,,0.0006104190908570665,,702638831.0,1,(HH:MM:SS): 03:01:07,3001,5.031270742416382,5.031270742416382,0.03234088567994964,0.03234088567994964
31,2,2,20,75,"[6.0, 12.0]","[7.200000000000001, 4.800000000000001]",0.8,"[3, 1]","[1.0, 1.0]","[1.0, 1.0]","[1.0, 1.0]",0.7291499777481089,0.0001,1000.0,51984,155952,700934332.0,1,(HH:MM:SS): 02:59:47,1871,11.943115234375,11.943115234375,700953732.0,1,(HH:MM:SS): 02:59:32,1581,11.477058410644531,11.477058410644531,0.0390230534148286,0.0390230534148286,700967132.0,1,(HH:MM:SS): 02:59:58,3021,11.2247314453125,11.2247314453125,0.06015045278930477,0.06015045278930477,700985532.0,1,(HH:MM:SS): 02:59:58,3021,11.2247314453125,11.2247314453125,0.06015045278930477,0.06015045278930477,701462732.0,1,(HH:MM:SS): 03:01:02,8,11.9483642578125,11.9483642578125,0.00043950203397452933,0.00043950203397452933,702638932.0,1,(HH:MM:SS): 02:59:42,2561,11.335899353027344,11.335899353027344,0.05084233631104479,0.05084233631104479
32,2,2,20,291,"[3.0, 3.0]","[4.050000000000001, 1.35]",0.9,"[3, 1]","[1.0, 1.0]","[1.0, 1.0]","[1.0, 1.0]",0.8598962687009235,0.0001,1000.0,767376,2302128,700934433.0,1,(HH:MM:SS): 05:40:06,10221,3.8915328979492188,,700953833.0,1,(HH:MM:SS): 05:40:10,14631,3.6727142333984375,,0.05622942688370835,,700967433.0,1,(HH:MM:SS): 05:40:10,14301,2.5349273681640625,,0.3486044099742977,,700985633.0,1,(HH:MM:SS): 05:40:09,14371,2.5349273681640625,,0.3486044099742977,,701499133.0,1,(HH:MM:SS): 05:40:25,11,9.349014282226562,,1.402398881724309,,702639033.0,1,(HH:MM:SS): 05:40:10,14831,3.8385391235351562,,0.013617712044009559,
33,2,2,20,178,"[6.0, 6.0]","[8.100000000000001, 2.7]",0.9,"[3, 1]","[1.0, 1.0]","[1.0, 1.0]","[1.0, 1.0]",0.8653758829465187,0.0001,1000.0,288369,865107,700934534.0,1,(HH:MM:SS): 05:40:07,43301,9.191802978515625,,700953934.0,1,(HH:MM:SS): 05:40:06,59371,8.54156494140625,,0.07074107643834433,,700967534.0,1,(HH:MM:SS): 05:40:06,59791,6.8634033203125,,0.25331261599551125,,700986134.0,1,(HH:MM:SS): 05:40:06,59891,6.8634033203125,,0.25331261599551125,,701889534.0,1,(HH:MM:SS): 05:40:10,11,26.05792236328125,,1.8349087142302214,,702639134.0,1,(HH:MM:SS): 05:40:06,59381,8.97796630859375,,0.023263843929388406,
34,2,2,20,246,"[3.0, 6.0]","[4.050000000000001, 2.7]",0.9,"[3, 1]","[1.0, 1.0]","[1.0, 1.0]","[1.0, 1.0]",0.8614107768189714,0.0001,1000.0,549081,1647243,700934635.0,1,3:00:00,0,,,700954035.0,1,(HH:MM:SS): 03:37:56,5791,4.4455413818359375,4.4455413818359375,,,700967635.0,1,(HH:MM:SS): 05:40:07,23151,3.4150390625,,,,700986235.0,1,(HH:MM:SS): 05:40:09,23241,3.4150390625,,,,,0,00:00,0,,,,,702639235.0,1,(HH:MM:SS): 03:56:53,13831,4.4526824951171875,4.4526824951171875,,
35,2,2,20,156,"[6.0, 12.0]","[8.100000000000001, 5.4]",0.9,"[3, 1]","[1.0, 1.0]","[1.0, 1.0]","[1.0, 1.0]",0.867615547972989,0.0001,1000.0,221841,665523,700934736.0,1,(HH:MM:SS): 03:15:52,6571,11.857421875,11.857421875,700954136.0,1,(HH:MM:SS): 03:08:27,4931,10.6240234375,10.6240234375,0.10401910723109867,0.10401910723109867,700967736.0,1,(HH:MM:SS): 05:40:06,85311,9.11328125,,0.2314281008071158,,700986336.0,1,(HH:MM:SS): 05:40:06,85151,9.11328125,,0.2314281008071158,,,0,00:00,0,,,,,702639336.0,1,(HH:MM:SS): 03:17:35,14141,9.818359375,9.818359375,0.1719650798879921,0.1719650798879921
36,2,4,20,53,"[3.0, 3.0]","[2.0999999999999996, 6.299999999999999]",0.7,"[0.3333333333333333, 1]","[1.0, 1.0]","[1.0, 1.0]","[1.0, 1.0]",0.4577929382253575,0.0001,1000.0,72900,218700,700934837.0,1,(HH:MM:SS): 02:59:22,561,8.824585795402527,8.824585795402527,700954237.0,1,(HH:MM:SS): 02:59:23,771,8.50153797864914,8.50153797864914,0.03660770309714598,0.03660770309714598,700967837.0,1,(HH:MM:SS): 02:59:32,1041,8.432729601860046,8.432729601860046,0.04440505227413977,0.04440505227413977,700986437.0,1,(HH:MM:SS): 02:59:31,1041,8.432729601860046,8.432729601860046,0.04440505227413977,0.04440505227413977,,0,00:00,0,,,,,702639437.0,1,(HH:MM:SS): 02:59:27,881,8.325775623321533,8.325775623321533,0.05652505212662401,0.05652505212662401
37,2,4,20,36,"[6.0, 6.0]","[4.199999999999999, 12.599999999999998]",0.7,"[0.3333333333333333, 1]","[1.0, 1.0]","[1.0, 1.0]","[1.0, 1.0]",0.4850193063186083,0.0001,1000.0,34225,102675,700934938.0,1,(HH:MM:SS): 02:59:11,471,19.303348541259766,19.303348541259766,700954338.0,1,(HH:MM:SS): 02:59:12,661,18.509307861328125,18.509307861328125,0.041134867260694465,0.041134867260694465,700967938.0,1,(HH:MM:SS): 02:59:10,511,17.96893310546875,17.96893310546875,0.06912870235642182,0.06912870235642182,700986538.0,1,(HH:MM:SS): 02:59:11,511,17.96893310546875,17.96893310546875,0.06912870235642182,0.06912870235642182,,0,00:00,0,,,,,702639538.0,1,(HH:MM:SS): 02:59:11,591,17.78123664855957,17.78123664855957,0.07885222035165408,0.07885222035165408
38,2,4,20,38,"[3.0, 6.0]","[2.0999999999999996, 12.599999999999998]",0.7,"[0.3333333333333333, 1]","[1.0, 1.0]","[1.0, 1.0]","[1.0, 1.0]",0.4786371756251962,0.0001,1000.0,38025,114075,700935039.0,1,(HH:MM:SS): 02:59:10,401,16.69687843322754,16.69687843322754,700954439.0,1,(HH:MM:SS): 02:59:13,741,15.291280746459961,15.291280746459961,0.08418326170300046,0.08418326170300046,700968039.0,1,(HH:MM:SS): 02:59:14,801,15.527088165283203,15.527088165283203,0.07006041713859525,0.07006041713859525,700986639.0,1,(HH:MM:SS): 02:59:15,801,15.527088165283203,15.527088165283203,0.07006041713859525,0.07006041713859525,,0,00:00,0,,,,,702639639.0,1,(HH:MM:SS): 02:59:12,631,15.763310432434082,15.763310432434082,0.05591272671277373,0.05591272671277373
39,2,4,20,29,"[6.0, 12.0]","[4.199999999999999, 25.199999999999996]",0.7,"[0.3333333333333333, 1]","[1.0, 1.0]","[1.0, 1.0]","[1.0, 1.0]",0.5175107167466422,0.0001,1000.0,22500,67500,700935240.0,1,(HH:MM:SS): 02:59:08,461,36.22458261251449,36.22458261251449,700954540.0,1,(HH:MM:SS): 02:59:10,781,33.210303878784174,33.210303878784174,0.08321086169503505,0.08321086169503505,700968140.0,1,(HH:MM:SS): 02:59:11,901,33.057126092910764,33.057126092910764,0.08743942072391099,0.08743942072391099,700986740.0,1,(HH:MM:SS): 02:59:11,901,33.057126092910764,33.057126092910764,0.08743942072391099,0.08743942072391099,,0,00:00,0,,,,,702639740.0,1,(HH:MM:SS): 02:59:10,751,34.05888125896453,34.05888125896453,0.05978540530655478,0.05978540530655478
40,2,4,20,84,"[3.0, 3.0]","[2.4000000000000004, 7.200000000000001]",0.8,"[0.3333333333333333, 1]","[1.0, 1.0]","[1.0, 1.0]","[1.0, 1.0]",0.634784990909688,0.0001,1000.0,180625,541875,700935341.0,1,(HH:MM:SS): 03:01:09,1301,9.514423847198486,9.514423847198486,700955141.0,1,(HH:MM:SS): 03:00:39,1471,9.184978008270264,9.184978008270264,0.03462593681121613,0.03462593681121613,700970041.0,1,(HH:MM:SS): 03:02:49,2921,8.806777954101562,8.806777954101562,0.07437611614341624,0.07437611614341624,700986841.0,1,(HH:MM:SS): 03:04:31,2921,8.806777954101562,8.806777954101562,0.07437611614341624,0.07437611614341624,,0,00:00,0,,,,,702639841.0,1,(HH:MM:SS): 03:02:09,2381,8.623470783233643,8.623470783233643,0.09364235588760154,0.09364235588760154
41,2,4,20,58,"[6.0, 6.0]","[4.800000000000001, 14.400000000000002]",0.8,"[0.3333333333333333, 1]","[1.0, 1.0]","[1.0, 1.0]","[1.0, 1.0]",0.6622764723401225,0.0001,1000.0,87025,261075,700935442.0,1,(HH:MM:SS): 02:59:39,901,21.024215698242188,21.024215698242188,700955242.0,1,(HH:MM:SS): 02:59:45,1431,19.95623779296875,19.95623779296875,0.0507975146660396,0.0507975146660396,700970142.0,1,(HH:MM:SS): 03:00:22,2431,19.694580078125,19.694580078125,0.06324305454249868,0.06324305454249868,700986942.0,1,(HH:MM:SS): 03:00:23,2431,19.694580078125,19.694580078125,0.06324305454249868,0.06324305454249868,,0,00:00,0,,,,,702639942.0,1,(HH:MM:SS): 03:00:14,2231,18.94309425354004,18.94309425354004,0.09898687658898728,0.09898687658898728
42,2,4,20,62,"[3.0, 6.0]","[2.4000000000000004, 14.400000000000002]",0.8,"[0.3333333333333333, 1]","[1.0, 1.0]","[1.0, 1.0]","[1.0, 1.0]",0.6562380750765427,0.0001,1000.0,99225,297675,700935543.0,1,(HH:MM:SS): 03:00:06,1371,18.151073455810547,18.151073455810547,700955343.0,1,(HH:MM:SS): 02:59:52,1421,16.937469482421875,16.937469482421875,0.06686127827884314,0.06686127827884314,700970243.0,1,(HH:MM:SS): 03:00:42,2631,16.782470703125,16.782470703125,0.07540065087706578,0.07540065087706578,700987143.0,1,(HH:MM:SS): 03:00:42,2631,16.782470703125,16.782470703125,0.07540065087706578,0.07540065087706578,,0,00:00,0,,,,,702640043.0,1,(HH:MM:SS): 02:59:37,1041,17.659339904785156,17.659339904785156,0.02709115536458678,0.02709115536458678
43,2,4,20,46,"[6.0, 12.0]","[4.800000000000001, 28.800000000000004]",0.8,"[0.3333333333333333, 1]","[1.0, 1.0]","[1.0, 1.0]","[1.0, 1.0]",0.690245651825342,0.0001,1000.0,55225,165675,700935644.0,1,(HH:MM:SS): 02:59:37,1461,39.01127672195435,39.01127672195435,700955444.0,1,(HH:MM:SS): 02:59:37,1801,35.62916507720948,35.62916507720948,0.08669574361409006,0.08669574361409006,700970344.0,1,(HH:MM:SS): 03:00:02,2981,36.531896972656256,36.531896972656256,0.06355546287216943,0.06355546287216943,700987244.0,1,(HH:MM:SS): 03:00:00,2981,36.531896972656256,36.531896972656256,0.06355546287216943,0.06355546287216943,,0,00:00,0,,,,,702646044.0,1,(HH:MM:SS): 02:59:26,1291,38.06826345920563,38.06826345920563,0.02417283775329563,0.02417283775329563
44,2,4,20,177,"[3.0, 3.0]","[2.7, 8.100000000000001]",0.9,"[0.3333333333333333, 1]","[1.0, 1.0]","[1.0, 1.0]","[1.0, 1.0]",0.8191792617563299,0.0001,1000.0,792100,2376300,700935745.0,1,(HH:MM:SS): 05:40:06,12701,9.683746337890625,,700955545.0,1,(HH:MM:SS): 05:40:09,26161,8.678436279296875,,0.10381416690564955,,700970445.0,1,(HH:MM:SS): 05:40:09,17381,7.083984375,,0.268466549223647,,700987345.0,1,(HH:MM:SS): 05:40:10,17161,7.083984375,,0.268466549223647,,,0,00:00,0,,,,,702646145.0,1,(HH:MM:SS): 05:40:09,18041,7.040740966796875,,0.2729321152034086,
45,2,4,20,121,"[6.0, 6.0]","[5.4, 16.200000000000003]",0.9,"[0.3333333333333333, 1]","[1.0, 1.0]","[1.0, 1.0]","[1.0, 1.0]",0.8370298039766592,0.0001,1000.0,372100,1116300,700935846.0,1,(HH:MM:SS): 03:11:19,2871,21.8447265625,21.8447265625,700955646.0,1,(HH:MM:SS): 05:40:06,64491,19.65625,,0.1001832893736868,,700970546.0,1,(HH:MM:SS): 05:40:07,50341,17.43359375,,0.2019312441325048,,700987446.0,1,(HH:MM:SS): 05:40:06,49891,17.43359375,,0.2019312441325048,,,0,00:00,0,,,,,702646246.0,1,(HH:MM:SS): 05:40:06,49521,14.837890625,,0.3207564039518977,
46,2,4,20,129,"[3.0, 6.0]","[2.7, 16.200000000000003]",0.9,"[0.3333333333333333, 1]","[1.0, 1.0]","[1.0, 1.0]","[1.0, 1.0]",0.8333411025441909,0.0001,1000.0,422500,1267500,700935947.0,1,(HH:MM:SS): 03:14:42,3091,19.275390625,19.275390625,700955747.0,1,(HH:MM:SS): 03:10:31,3951,16.6923828125,16.6923828125,0.13400547167899482,0.13400547167899482,700970647.0,1,(HH:MM:SS): 05:40:08,42141,14.3828125,,0.25382510892694293,,700987547.0,1,(HH:MM:SS): 05:40:06,41971,14.3828125,,0.25382510892694293,,,0,00:00,0,,,,,702646347.0,1,(HH:MM:SS): 03:09:44,3941,18.3671875,18.3671875,0.04711723578883372,0.04711723578883372
47,2,4,20,98,"[6.0, 12.0]","[5.4, 32.400000000000006]",0.9,"[0.3333333333333333, 1]","[1.0, 1.0]","[1.0, 1.0]","[1.0, 1.0]",0.8527561100817519,0.0001,1000.0,245025,735075,700936048.0,1,(HH:MM:SS): 05:40:06,67591,40.21453857421875,,700955848.0,1,(HH:MM:SS): 05:40:06,99031,34.809704589843754,,0.13439999999999988,,700970748.0,1,(HH:MM:SS): 05:40:07,85501,33.65458984375,,0.16312380952380945,,700987748.0,1,(HH:MM:SS): 05:40:06,85031,33.65458984375,,0.16312380952380945,,,0,00:00,0,,,,,702646448.0,1,(HH:MM:SS): 05:40:06,111081,39.04716796875,,0.02902857142857136,
48,2,4,20,53,"[3.0, 3.0]","[4.199999999999999, 4.199999999999999]",0.7,"[1, 1]","[1.0, 1.0]","[1.0, 1.0]","[1.0, 1.0]",0.4577929382253575,0.0001,1000.0,72900,218700,700936149.0,1,(HH:MM:SS): 02:59:22,561,8.869165062904358,8.869165062904358,700955949.0,1,(HH:MM:SS): 02:59:27,901,8.50765085220337,8.50765085220337,0.04076079406989916,0.04076079406989916,700971449.0,1,(HH:MM:SS): 02:59:31,1031,8.451347172260284,8.451347172260284,0.0471090443892643,0.0471090443892643,700987849.0,1,(HH:MM:SS): 02:59:31,1031,8.451347172260284,8.451347172260284,0.0471090443892643,0.0471090443892643,,0,00:00,0,,,,,702646549.0,1,(HH:MM:SS): 02:59:23,711,8.345001459121704,8.345001459121704,0.05909954319995569,0.05909954319995569
49,2,4,20,36,"[6.0, 6.0]","[8.399999999999999, 8.399999999999999]",0.7,"[1, 1]","[1.0, 1.0]","[1.0, 1.0]","[1.0, 1.0]",0.4850193063186083,0.0001,1000.0,34225,102675,700936250.0,1,(HH:MM:SS): 02:59:11,491,19.502399444580078,19.502399444580078,700956050.0,1,(HH:MM:SS): 02:59:12,731,17.995868682861328,17.995868682861328,0.07724848247518747,0.07724848247518747,700971550.0,1,(HH:MM:SS): 02:59:11,611,17.978347778320312,17.978347778320312,0.0781468798539718,0.0781468798539718,700987950.0,1,(HH:MM:SS): 02:59:11,611,17.978347778320312,17.978347778320312,0.0781468798539718,0.0781468798539718,,0,00:00,0,,,,,702646650.0,1,(HH:MM:SS): 02:59:08,291,17.84752082824707,17.84752082824707,0.08485512877713701,0.08485512877713701
50,2,4,20,42,"[3.0, 6.0]","[4.199999999999999, 8.399999999999999]",0.7,"[1, 1]","[1.0, 1.0]","[1.0, 1.0]","[1.0, 1.0]",0.4719622173760828,0.0001,1000.0,46225,138675,700936351.0,1,(HH:MM:SS): 02:59:14,521,14.109516143798828,14.109516143798828,700956151.0,1,(HH:MM:SS): 02:59:17,811,13.150012016296387,13.150012016296387,0.06800404193336892,0.06800404193336892,700971651.0,1,(HH:MM:SS): 02:59:19,931,13.105308532714844,13.105308532714844,0.07117236344956708,0.07117236344956708,700988051.0,1,(HH:MM:SS): 02:59:19,931,13.105308532714844,13.105308532714844,0.07117236344956708,0.07117236344956708,,0,00:00,0,,,,,702646751.0,1,(HH:MM:SS): 02:59:11,451,13.234659194946289,13.234659194946289,0.06200474487830266,0.06200474487830266
51,2,4,20,31,"[6.0, 12.0]","[8.399999999999999, 16.799999999999997]",0.7,"[1, 1]","[1.0, 1.0]","[1.0, 1.0]","[1.0, 1.0]",0.5077101863905564,0.0001,1000.0,25600,76800,700936952.0,1,(HH:MM:SS): 02:59:09,561,31.229713201522827,31.229713201522827,700956252.0,1,(HH:MM:SS): 02:59:10,751,29.365238189697266,29.365238189697266,0.059701957549025644,0.059701957549025644,700971752.0,1,(HH:MM:SS): 02:59:11,891,27.889047622680664,27.889047622680664,0.1069707415269912,0.1069707415269912,700988152.0,1,(HH:MM:SS): 02:59:12,891,27.889047622680664,27.889047622680664,0.1069707415269912,0.1069707415269912,,0,00:00,0,,,,,702646852.0,1,(HH:MM:SS): 02:59:10,811,28.75971555709839,28.75971555709839,0.07909126889785194,0.07909126889785194
52,2,4,20,84,"[3.0, 3.0]","[4.800000000000001, 4.800000000000001]",0.8,"[1, 1]","[1.0, 1.0]","[1.0, 1.0]","[1.0, 1.0]",0.634784990909688,0.0001,1000.0,180625,541875,700937053.0,1,(HH:MM:SS): 03:01:03,1291,9.535816192626953,9.535816192626953,700956353.0,1,(HH:MM:SS): 03:01:13,1821,9.086471557617188,9.086471557617188,0.04712178023703904,0.04712178023703904,700971853.0,1,(HH:MM:SS): 03:02:50,2931,8.886123657226562,8.886123657226562,0.06813182241313856,0.06813182241313856,700988553.0,1,(HH:MM:SS): 03:02:49,2931,8.886123657226562,8.886123657226562,0.06813182241313856,0.06813182241313856,702446435.0,1,(HH:MM:SS): 03:06:22,11,9.540446758270264,,0.00048559720004784466,,702646953.0,1,(HH:MM:SS): 03:01:29,1871,8.771748065948486,8.771748065948486,0.08012613826063894,0.08012613826063894
53,2,4,20,58,"[6.0, 6.0]","[9.600000000000001, 9.600000000000001]",0.8,"[1, 1]","[1.0, 1.0]","[1.0, 1.0]","[1.0, 1.0]",0.6622764723401225,0.0001,1000.0,87025,261075,700937154.0,1,(HH:MM:SS): 02:59:37,841,21.221519470214844,21.221519470214844,700956454.0,1,(HH:MM:SS): 02:59:52,1571,20.008689880371094,20.008689880371094,0.05715093075903445,0.05715093075903445,700971954.0,1,(HH:MM:SS): 03:00:19,2351,19.875244140625,19.875244140625,0.06343915813754,0.06343915813754,700988654.0,1,(HH:MM:SS): 03:00:19,2351,19.875244140625,19.875244140625,0.06343915813754,0.06343915813754,702446536.0,1,(HH:MM:SS): 03:01:17,11,21.22637939453125,,0.00022900925276473846,,702653254.0,1,(HH:MM:SS): 03:00:05,1911,18.77022361755371,18.77022361755371,0.1155099122898157,0.1155099122898157
54,2,4,20,67,"[3.0, 6.0]","[4.800000000000001, 9.600000000000001]",0.8,"[1, 1]","[1.0, 1.0]","[1.0, 1.0]","[1.0, 1.0]",0.6496826381124431,0.0001,1000.0,115600,346800,700937255.0,1,(HH:MM:SS): 03:00:27,1491,15.345550537109375,15.345550537109375,700956555.0,1,(HH:MM:SS): 03:00:19,1761,14.126304626464844,14.126304626464844,0.07945273176717187,0.07945273176717187,700972055.0,1,(HH:MM:SS): 03:01:07,2781,14.126220703125,14.126220703125,0.07945820067098477,0.07945820067098477,700988755.0,1,(HH:MM:SS): 03:01:09,2781,14.126220703125,14.126220703125,0.07945820067098477,0.07945820067098477,702463537.0,1,(HH:MM:SS): 03:03:23,10,15.349609375,15.349609375,0.00026449607531575463,0.00026449607531575463,702653355.0,1,(HH:MM:SS): 03:00:12,1841,14.517471313476562,14.517471313476562,0.05396217109515296,0.05396217109515296
55,2,4,20,49,"[6.0, 12.0]","[9.600000000000001, 19.200000000000003]",0.8,"[1, 1]","[1.0, 1.0]","[1.0, 1.0]","[1.0, 1.0]",0.6822374798260256,0.0001,1000.0,62500,187500,700937356.0,1,(HH:MM:SS): 02:59:35,1201,33.915771484375,33.915771484375,700956656.0,1,(HH:MM:SS): 02:59:43,1841,30.956907272338867,30.956907272338867,0.08724154228363291,0.08724154228363291,700972156.0,1,(HH:MM:SS): 03:00:01,2631,31.0435791015625,31.0435791015625,0.08468604006651358,0.08468604006651358,700988856.0,1,(HH:MM:SS): 03:00:02,2631,31.0435791015625,31.0435791015625,0.08468604006651358,0.08468604006651358,702472038.0,1,(HH:MM:SS): 03:01:01,9,33.921058654785156,33.921058654785156,0.00015589120278723572,0.00015589120278723572,702653456.0,1,(HH:MM:SS): 02:59:48,2331,31.448121070861816,31.448121070861816,0.07275819789769578,0.07275819789769578
56,2,4,20,177,"[3.0, 3.0]","[5.4, 5.4]",0.9,"[1, 1]","[1.0, 1.0]","[1.0, 1.0]","[1.0, 1.0]",0.8191792617563298,0.0001,1000.0,792100,2376300,700937457.0,1,(HH:MM:SS): 03:51:18,4111,9.651016235351562,9.651016235351562,700956757.0,1,(HH:MM:SS): 05:40:09,20531,7.8472900390625,,0.18689494995169875,,700972257.0,1,(HH:MM:SS): 05:40:08,17051,7.23077392578125,,0.2507759028220254,,700989157.0,1,(HH:MM:SS): 05:40:10,17451,7.23077392578125,,0.2507759028220254,,702472139.0,1,(HH:MM:SS): 05:40:20,11,26.209813594818115,,1.7157568649415247,,702653557.0,1,(HH:MM:SS): 05:40:08,17561,7.733428955078125,,0.19869278358991224,
57,2,4,20,121,"[6.0, 6.0]","[10.8, 10.8]",0.9,"[1, 1]","[1.0, 1.0]","[1.0, 1.0]","[1.0, 1.0]",0.837029803976659,0.0001,1000.0,372100,1116300,700937558.0,1,(HH:MM:SS): 03:08:35,2251,21.9404296875,21.9404296875,700956858.0,1,(HH:MM:SS): 05:40:06,58041,18.7421875,,0.14576935060310678,,700972758.0,1,(HH:MM:SS): 05:40:07,50021,17.97265625,,0.18084301419860238,,700989258.0,1,(HH:MM:SS): 05:40:07,50411,17.97265625,,0.18084301419860238,,702480040.0,1,(HH:MM:SS): 05:40:11,11,75.32888793945312,,2.43333694974852,,702653658.0,1,(HH:MM:SS): 05:40:07,49901,15.087890625,,0.31232474295633594,
58,2,4,20,140,"[3.0, 6.0]","[5.4, 10.8]",0.9,"[1, 1]","[1.0, 1.0]","[1.0, 1.0]","[1.0, 1.0]",0.8291987031558208,0.0001,1000.0,497025,1491075,700937659.0,1,(HH:MM:SS): 03:30:55,4971,15.7861328125,15.7861328125,700957159.0,1,(HH:MM:SS): 05:40:06,37441,12.65625,,0.19826786266625426,,700972859.0,1,(HH:MM:SS): 05:40:07,34171,12.04296875,,0.23711722858026602,,700989359.0,1,(HH:MM:SS): 05:40:07,32811,12.04296875,,0.23711722858026602,,702480141.0,1,(HH:MM:SS): 05:40:15,11,53.431190490722656,,2.384691559696876,,702653759.0,1,(HH:MM:SS): 03:26:22,8241,14.0146484375,14.0146484375,0.1122177544076709,0.1122177544076709
59,2,4,20,103,"[6.0, 12.0]","[10.8, 21.6]",0.9,"[1, 1]","[1.0, 1.0]","[1.0, 1.0]","[1.0, 1.0]",0.8484610708470095,0.0001,1000.0,270400,811200,700937760.0,1,(HH:MM:SS): 05:40:07,58721,34.88037109375,,700957260.0,1,(HH:MM:SS): 05:40:06,80581,29.222265625,,0.1622146006859383,,700972960.0,1,(HH:MM:SS): 05:40:07,74441,28.940624999999997,,0.1702890739833416,,700989460.0,1,(HH:MM:SS): 05:40:07,75581,28.940624999999997,,0.1702890739833416,,702495642.0,1,(HH:MM:SS): 05:40:09,11,142.299609375,,3.079647231749142,,702662560.0,1,(HH:MM:SS): 03:12:43,8411,28.93279571533203,28.93279571533203,0.17051353503184716,
60,2,4,20,53,"[3.0, 3.0]","[6.299999999999999, 2.0999999999999996]",0.7,"[3, 1]","[1.0, 1.0]","[1.0, 1.0]","[1.0, 1.0]",0.4577929382253575,0.0001,1000.0,72900,218700,700937861.0,1,(HH:MM:SS): 02:59:23,561,8.824585795402527,8.824585795402527,700957361.0,1,(HH:MM:SS): 02:59:24,771,8.501562774181366,8.501562774181366,0.036604893273228856,0.036604893273228856,700973061.0,1,(HH:MM:SS): 02:59:31,1041,8.42753803730011,8.42753803730011,0.04499335915678589,0.04499335915678589,700989561.0,1,(HH:MM:SS): 02:59:31,1041,8.42753803730011,8.42753803730011,0.04499335915678589,0.04499335915678589,702495743.0,1,(HH:MM:SS): 03:00:01,7,8.826589584350586,8.826589584350586,0.00022706889530192174,0.00022706889530192174,702662661.0,1,(HH:MM:SS): 02:59:16,441,8.460120916366577,8.460120916366577,0.04130107491570089,0.04130107491570089
61,2,4,20,36,"[6.0, 6.0]","[12.599999999999998, 4.199999999999999]",0.7,"[3, 1]","[1.0, 1.0]","[1.0, 1.0]","[1.0, 1.0]",0.4850193063186083,0.0001,1000.0,34225,102675,700937962.0,1,(HH:MM:SS): 02:59:10,471,19.303348541259766,19.303348541259766,700957462.0,1,(HH:MM:SS): 02:59:12,661,18.509309768676758,18.509309768676758,0.04113476845148379,0.04113476845148379,700973862.0,1,(HH:MM:SS): 02:59:10,481,17.930328369140625,17.930328369140625,0.07112860078055325,0.07112860078055325,700989662.0,1,(HH:MM:SS): 02:59:10,481,17.930328369140625,17.930328369140625,0.07112860078055325,0.07112860078055325,702495844.0,1,(HH:MM:SS): 02:59:19,6,19.2998046875,19.2998046875,0.00018358751344052288,0.00018358751344052288,702662762.0,1,(HH:MM:SS): 02:59:11,571,18.042306900024414,18.042306900024414,0.0653276108308333,0.0653276108308333
62,2,4,20,46,"[3.0, 6.0]","[6.299999999999999, 4.199999999999999]",0.7,"[3, 1]","[1.0, 1.0]","[1.0, 1.0]","[1.0, 1.0]",0.465004681733225,0.0001,1000.0,55225,165675,700938063.0,1,(HH:MM:SS): 02:59:18,591,11.375191688537598,11.375191688537598,700957563.0,1,(HH:MM:SS): 02:59:20,841,10.741575241088867,10.741575241088867,0.05570160616169701,0.05570160616169701,700973963.0,1,(HH:MM:SS): 02:59:25,1061,10.701309204101562,10.701309204101562,0.0592414178932109,0.0592414178932109,700990063.0,1,(HH:MM:SS): 02:59:25,1061,10.701309204101562,10.701309204101562,0.0592414178932109,0.0592414178932109,702512845.0,1,(HH:MM:SS): 02:59:47,6,11.379898071289062,11.379898071289062,0.0004137409619397719,0.0004137409619397719,702662863.0,1,(HH:MM:SS): 02:59:19,891,10.703880310058594,10.703880310058594,0.05901539040924137,0.05901539040924137
63,2,4,20,33,"[6.0, 12.0]","[12.599999999999998, 8.399999999999999]",0.7,"[3, 1]","[1.0, 1.0]","[1.0, 1.0]","[1.0, 1.0]",0.4969135589672875,0.0001,1000.0,28900,86700,700938164.0,1,(HH:MM:SS): 02:59:11,621,25.00240993499756,25.00240993499756,700957664.0,1,(HH:MM:SS): 02:59:11,761,24.430377960205078,24.430377960205078,0.022879073508500825,0.022879073508500825,700974064.0,1,(HH:MM:SS): 02:59:12,841,22.759883880615234,22.759883880615234,0.08969239606152163,0.08969239606152163,700990764.0,1,(HH:MM:SS): 02:59:12,841,22.759883880615234,22.759883880615234,0.08969239606152163,0.08969239606152163,702512946.0,1,(HH:MM:SS): 02:59:22,6,25.000930786132812,25.000930786132812,5.916025169540274e-05,5.916025169540274e-05,702662964.0,1,(HH:MM:SS): 02:59:11,701,22.98579502105713,22.98579502105713,0.08065682144974505,0.08065682144974505
64,2,4,20,84,"[3.0, 3.0]","[7.200000000000001, 2.4000000000000004]",0.8,"[3, 1]","[1.0, 1.0]","[1.0, 1.0]","[1.0, 1.0]",0.634784990909688,0.0001,1000.0,180625,541875,700938265.0,1,(HH:MM:SS): 03:01:10,1301,9.514523029327393,9.514523029327393,700958565.0,1,(HH:MM:SS): 03:00:59,1471,9.18498033285141,9.18498033285141,0.034635755829294464,0.034635755829294464,700974165.0,1,(HH:MM:SS): 03:02:51,2951,8.802711486816406,8.802711486816406,0.07481316092429556,0.07481316092429556,700990865.0,1,(HH:MM:SS): 03:02:54,2951,8.802711486816406,8.802711486816406,0.07481316092429556,0.07481316092429556,702513047.0,1,(HH:MM:SS): 03:06:20,8,9.517814636230469,9.517814636230469,0.000345956060322749,0.000345956060322749,702663065.0,1,(HH:MM:SS): 03:00:43,1291,9.177440166473389,9.177440166473389,0.035428246041865244,0.035428246041865244
65,2,4,20,58,"[6.0, 6.0]","[14.400000000000002, 4.800000000000001]",0.8,"[3, 1]","[1.0, 1.0]","[1.0, 1.0]","[1.0, 1.0]",0.6622764723401225,0.0001,1000.0,87025,261075,700938366.0,1,(HH:MM:SS): 02:59:39,901,21.024322509765625,21.024322509765625,700958666.0,1,(HH:MM:SS): 02:59:49,1421,19.95648193359375,19.95648193359375,0.05079072467975469,0.05079072467975469,700974266.0,1,(HH:MM:SS): 03:00:20,2381,19.655029296875,19.655029296875,0.06512900533439779,0.06512900533439779,700990966.0,1,(HH:MM:SS): 03:00:20,2381,19.655029296875,19.655029296875,0.06512900533439779,0.06512900533439779,702522948.0,1,(HH:MM:SS): 03:01:30,8,21.0299072265625,21.0299072265625,0.00026563123707225024,0.00026563123707225024,702663166.0,1,(HH:MM:SS): 02:59:42,1181,19.752384185791016,19.752384185791016,0.06049842145371412,0.06049842145371412
66,2,4,20,74,"[3.0, 6.0]","[7.200000000000001, 4.800000000000001]",0.8,"[3, 1]","[1.0, 1.0]","[1.0, 1.0]","[1.0, 1.0]",0.6425521288932944,0.0001,1000.0,140625,421875,700938467.0,1,(HH:MM:SS): 03:00:38,1351,12.392807006835938,12.392807006835938,700958767.0,1,(HH:MM:SS): 03:00:35,1621,11.571823120117188,11.571823120117188,0.06624680641487364,0.06624680641487364,700975367.0,1,(HH:MM:SS): 03:01:53,3011,11.332763671875,11.332763671875,0.08553698402437898,0.08553698402437898,700991067.0,1,(HH:MM:SS): 03:01:53,3011,11.332763671875,11.332763671875,0.08553698402437898,0.08553698402437898,702523049.0,1,(HH:MM:SS): 03:04:22,8,12.398178100585938,12.398178100585938,0.00043340413088312245,0.00043340413088312245,702663267.0,1,(HH:MM:SS): 03:01:03,2571,11.414962768554688,11.414962768554688,0.07890417705543756,0.07890417705543756
67,2,4,20,52,"[6.0, 12.0]","[14.400000000000002, 9.600000000000001]",0.8,"[3, 1]","[1.0, 1.0]","[1.0, 1.0]","[1.0, 1.0]",0.6730083936618944,0.0001,1000.0,70225,210675,700938568.0,1,(HH:MM:SS): 02:59:33,941,27.344532012939453,27.344532012939453,700958868.0,1,(HH:MM:SS): 02:59:47,1731,25.296215057373047,25.296215057373047,0.07490773492108554,0.07490773492108554,700975468.0,1,(HH:MM:SS): 03:00:15,2871,25.103233337402344,25.103233337402344,0.08196515027123248,0.08196515027123248,700991168.0,1,(HH:MM:SS): 03:00:16,2871,25.103233337402344,25.103233337402344,0.08196515027123248,0.08196515027123248,702523150.0,1,(HH:MM:SS): 03:01:23,8,27.35120391845703,27.35120391845703,0.00024399413800247063,0.00024399413800247063,702663368.0,1,(HH:MM:SS): 03:00:05,2841,25.02277183532715,25.02277183532715,0.08490765819336919,0.08490765819336919
68,2,4,20,177,"[3.0, 3.0]","[8.100000000000001, 2.7]",0.9,"[3, 1]","[1.0, 1.0]","[1.0, 1.0]","[1.0, 1.0]",0.8191792617563299,0.0001,1000.0,792100,2376300,700938669.0,1,(HH:MM:SS): 05:40:10,12781,9.68414306640625,,700958969.0,1,(HH:MM:SS): 05:40:09,18001,8.678436279296875,,0.10385088078656289,,700975569.0,1,(HH:MM:SS): 05:40:11,17501,7.083984375,,0.26849651782056533,,700991269.0,1,(HH:MM:SS): 05:40:08,17201,7.083984375,,0.26849651782056533,,702523251.0,1,(HH:MM:SS): 05:40:24,11,26.8653826713562,,1.7741621005735355,,702663469.0,1,(HH:MM:SS): 05:40:10,18031,9.048187255859375,,0.06566980745596067,
69,2,4,20,121,"[6.0, 6.0]","[16.200000000000003, 5.4]",0.9,"[3, 1]","[1.0, 1.0]","[1.0, 1.0]","[1.0, 1.0]",0.8370298039766592,0.0001,1000.0,372100,1116300,700945570.0,1,(HH:MM:SS): 03:11:13,2871,21.8447265625,21.8447265625,700959070.0,1,(HH:MM:SS): 05:40:06,50191,19.65625,,0.1001832893736868,,700975870.0,1,(HH:MM:SS): 05:40:06,50151,17.41796875,,0.2026465197371362,,700992070.0,1,(HH:MM:SS): 05:40:06,50121,17.41796875,,0.2026465197371362,,702531552.0,1,(HH:MM:SS): 05:40:12,11,72.56050109863281,,2.3216484029236892,,702663570.0,1,(HH:MM:SS): 03:13:24,4441,19.3896484375,19.3896484375,0.11238767937771023,0.11238767937771023
70,2,4,20,155,"[3.0, 6.0]","[8.100000000000001, 5.4]",0.9,"[3, 1]","[1.0, 1.0]","[1.0, 1.0]","[1.0, 1.0]",0.8245150513188537,0.0001,1000.0,608400,1825200,700945671.0,1,(HH:MM:SS): 03:33:09,3831,12.8623046875,12.8623046875,700959171.0,1,(HH:MM:SS): 03:35:00,5741,10.794921875,10.794921875,0.16073191101662743,0.16073191101662743,700975971.0,1,(HH:MM:SS): 05:40:09,24741,9.3515625,,0.27294814364892567,,700992171.0,1,(HH:MM:SS): 05:40:07,25231,9.3515625,,0.27294814364892567,,702531653.0,1,(HH:MM:SS): 05:40:18,11,41.59846878051758,,2.2341380328942373,,702663671.0,1,(HH:MM:SS): 04:03:00,14621,9.974609375,9.974609375,0.22450838964391467,0.22450838964391467
71,2,4,20,110,"[6.0, 12.0]","[16.200000000000003, 10.8]",0.9,"[3, 1]","[1.0, 1.0]","[1.0, 1.0]","[1.0, 1.0]",0.8433122697994312,0.0001,1000.0,308025,924075,700945772.0,1,(HH:MM:SS): 03:09:18,3071,28.6400146484375,28.6400146484375,700959272.0,1,(HH:MM:SS): 05:40:06,63711,24.3955078125,,0.14820197852688827,,700976072.0,1,(HH:MM:SS): 05:40:06,64211,22.6552734375,,0.20896432087767827,,700992272.0,1,(HH:MM:SS): 05:40:07,64381,22.6552734375,,0.20896432087767827,,702531754.0,1,(HH:MM:SS): 05:40:11,11,116.90676498413086,,3.081938030381171,,702672272.0,1,(HH:MM:SS): 05:40:06,86921,20.29400634765625,,0.29141075530967225,
72,2,6,20,40,"[3.0, 3.0]","[3.1499999999999995, 9.450000000000001]",0.7,"[0.3333333333333333, 1]","[1.0, 1.0]","[1.0, 1.0]","[1.0, 1.0]",0.3877476338090317,0.0001,1000.0,82369,247107,700945873.0,1,(HH:MM:SS): 02:59:18,411,14.12908411026001,14.12908411026001,700959373.0,1,(HH:MM:SS): 02:59:24,721,13.068748205900192,13.068748205900192,0.07504632969024803,0.07504632969024803,700976173.0,1,(HH:MM:SS): 02:59:26,741,13.04511308670044,13.04511308670044,0.07671912879140066,0.07671912879140066,700992373.0,1,(HH:MM:SS): 02:59:26,741,13.04511308670044,13.04511308670044,0.07671912879140066,0.07671912879140066,702531855.0,1,(HH:MM:SS): 02:59:52,7,14.124603748321533,14.124603748321533,0.0003171020784866793,0.0003171020784866793,702672373.0,1,(HH:MM:SS): 02:59:24,671,12.91448426246643,12.91448426246643,0.08596451392851305,0.08596451392851305
73,2,6,20,30,"[6.0, 6.0]","[6.299999999999999, 18.900000000000002]",0.7,"[0.3333333333333333, 1]","[1.0, 1.0]","[1.0, 1.0]","[1.0, 1.0]",0.4305891832532299,0.0001,1000.0,47089,141267,700945974.0,1,(HH:MM:SS): 02:59:14,541,30.620810747146606,30.620810747146606,700959474.0,1,(HH:MM:SS): 02:59:14,621,29.789405822753906,29.789405822753906,0.027151630022408026,0.027151630022408026,700976274.0,1,(HH:MM:SS): 02:59:17,801,27.46073818206787,27.46073818206787,0.10320015989038454,0.10320015989038454,700992674.0,1,(HH:MM:SS): 02:59:17,801,27.46073818206787,27.46073818206787,0.10320015989038454,0.10320015989038454,702539056.0,1,(HH:MM:SS): 02:59:34,6,30.61932945251465,30.61932945251465,4.8375421676124035e-05,4.8375421676124035e-05,702672474.0,1,(HH:MM:SS): 02:59:16,721,27.30652952194214,27.30652952194214,0.10823623360505921,0.10823623360505921
74,2,6,20,31,"[3.0, 6.0]","[3.1499999999999995, 18.900000000000002]",0.7,"[0.3333333333333333, 1]","[1.0, 1.0]","[1.0, 1.0]","[1.0, 1.0]",0.4208748679096817,0.0001,1000.0,50176,150528,700946075.0,1,(HH:MM:SS): 02:59:12,371,26.540265321731567,26.540265321731567,700959575.0,1,(HH:MM:SS): 02:59:16,741,23.90550422668457,23.90550422668457,0.09927410533042468,0.09927410533042468,700976375.0,1,(HH:MM:SS): 02:59:18,821,23.778257846832275,23.778257846832275,0.10406857058198732,0.10406857058198732,700992775.0,1,(HH:MM:SS): 02:59:18,821,23.778257846832275,23.778257846832275,0.10406857058198732,0.10406857058198732,702539157.0,1,(HH:MM:SS): 02:59:39,8,26.536609649658203,26.536609649658203,0.0001377406001427928,0.0001377406001427928,702679675.0,1,(HH:MM:SS): 02:59:15,711,24.19695234298706,24.19695234298706,0.08829274878521154,0.08829274878521154
75,2,6,20,25,"[6.0, 12.0]","[6.299999999999999, 37.800000000000004]",0.7,"[0.3333333333333333, 1]","[1.0, 1.0]","[1.0, 1.0]","[1.0, 1.0]",0.4777072741518148,0.0001,1000.0,33124,99372,700946176.0,1,(HH:MM:SS): 02:59:12,621,57.26390945911408,57.26390945911408,700959676.0,1,(HH:MM:SS): 02:59:13,841,53.82354583740235,53.82354583740235,0.060079090900493286,0.060079090900493286,700976776.0,1,(HH:MM:SS): 02:59:17,1141,50.53978815078736,50.53978815078736,0.1174233714016275,0.1174233714016275,700993076.0,1,(HH:MM:SS): 02:59:17,1141,50.53978815078736,50.53978815078736,0.1174233714016275,0.1174233714016275,702539258.0,1,(HH:MM:SS): 02:59:38,9,57.262029445171365,57.262029445171365,3.283069494337263e-05,3.283069494337263e-05,702679776.0,1,(HH:MM:SS): 02:59:15,1041,52.8694464981556,52.8694464981556,0.07674053347852704,0.07674053347852704
76,2,6,20,66,"[3.0, 3.0]","[3.6, 10.8]",0.8,"[0.3333333333333333, 1]","[1.0, 1.0]","[1.0, 1.0]","[1.0, 1.0]",0.5872674076913782,0.0001,1000.0,219961,659883,700946277.0,1,(HH:MM:SS): 03:00:46,931,15.379257202148438,15.379257202148438,700959777.0,1,(HH:MM:SS): 03:00:58,1431,14.499135732650757,14.499135732650757,0.057227826931376784,0.057227826931376784,700976877.0,1,(HH:MM:SS): 03:02:50,2501,14.20729684829712,14.20729684829712,0.07620396345849519,0.07620396345849519,700993177.0,1,(HH:MM:SS): 03:02:49,2501,14.20729684829712,14.20729684829712,0.07620396345849519,0.07620396345849519,702539359.0,1,(HH:MM:SS): 03:06:04,7,15.383516311645508,15.383516311645508,0.0002769385699899295,0.0002769385699899295,702679877.0,1,(HH:MM:SS): 03:02:27,2261,13.777099132537842,13.777099132537842,0.1041765573298806,0.1041765573298806
77,2,6,20,48,"[6.0, 6.0]","[7.2, 21.6]",0.8,"[0.3333333333333333, 1]","[1.0, 1.0]","[1.0, 1.0]","[1.0, 1.0]",0.6306922853104738,0.0001,1000.0,117649,352947,700946378.0,1,(HH:MM:SS): 02:59:42,731,33.257015991210935,33.257015991210935,700959878.0,1,(HH:MM:SS): 03:00:07,1531,31.013393306732176,31.013393306732176,0.06746313875759918,0.06746313875759918,700977478.0,1,(HH:MM:SS): 03:00:46,2361,30.77073974609375,30.77073974609375,0.07475945063063538,0.07475945063063538,700993278.0,1,(HH:MM:SS): 03:00:45,2361,30.77073974609375,30.77073974609375,0.07475945063063538,0.07475945063063538,702548360.0,1,(HH:MM:SS): 03:02:25,7,33.25829489231109,33.25829489231109,3.845507668202266e-05,3.845507668202266e-05,702679978.0,1,(HH:MM:SS): 03:00:52,2491,29.612430000305174,29.612430000305174,0.10958848478375031,0.10958848478375031
78,2,6,20,51,"[3.0, 6.0]","[3.6, 21.6]",0.8,"[0.3333333333333333, 1]","[1.0, 1.0]","[1.0, 1.0]","[1.0, 1.0]",0.6215340595481428,0.0001,1000.0,132496,397488,700946479.0,1,(HH:MM:SS): 03:00:21,1301,28.656496524810787,28.656496524810787,700959979.0,1,(HH:MM:SS): 03:00:18,1601,26.244549179077147,26.244549179077147,0.08416755843288021,0.08416755843288021,700977579.0,1,(HH:MM:SS): 03:01:11,2551,26.434631347656246,26.434631347656246,0.07753443186018398,0.07753443186018398,700993479.0,1,(HH:MM:SS): 03:01:10,2551,26.434631347656246,26.434631347656246,0.07753443186018398,0.07753443186018398,702548461.0,1,(HH:MM:SS): 03:04:22,11,28.662148666381835,28.662148666381835,0.0001972377037142046,0.0001972377037142046,702680079.0,1,(HH:MM:SS): 02:59:39,811,27.468168449401855,27.468168449401855,0.04146801666351916,0.04146801666351916
79,2,6,20,41,"[6.0, 12.0]","[7.2, 43.2]",0.8,"[0.3333333333333333, 1]","[1.0, 1.0]","[1.0, 1.0]","[1.0, 1.0]",0.6707262279706347,0.0001,1000.0,86436,259308,700946580.0,1,(HH:MM:SS): 03:00:12,1931,60.868324184417716,60.868324184417716,700960080.0,1,(HH:MM:SS): 03:00:10,2241,56.07195701599121,56.07195701599121,0.0787990672109612,0.0787990672109612,700977680.0,1,(HH:MM:SS): 03:00:46,3301,56.455737304687496,56.455737304687496,0.07249397677453788,0.07249397677453788,700993580.0,1,(HH:MM:SS): 03:00:45,3301,56.455737304687496,56.455737304687496,0.07249397677453788,0.07249397677453788,702548562.0,1,(HH:MM:SS): 03:03:42,11,60.87859077453613,60.87859077453613,0.00016866884797595122,0.00016866884797595122,702680180.0,1,(HH:MM:SS): 02:59:53,1781,59.16396143436431,59.16396143436431,0.028000816071255045,0.028000816071255045
80,2,6,20,139,"[3.0, 3.0]","[4.05, 12.15]",0.9,"[0.3333333333333333, 1]","[1.0, 1.0]","[1.0, 1.0]","[1.0, 1.0]",0.7978555969501487,0.0001,1000.0,960400,2881200,700946681.0,1,(HH:MM:SS): 05:40:09,11801,16.038589477539062,,700960581.0,1,(HH:MM:SS): 05:40:06,22341,14.196884155273438,,0.11482963167333425,,700977781.0,1,(HH:MM:SS): 05:40:08,15771,12.2626953125,,0.23542557594150917,,700993681.0,1,(HH:MM:SS): 05:40:09,15631,12.2626953125,,0.23542557594150917,,702548663.0,1,(HH:MM:SS): 05:40:22,11,58.5594437122345,,2.6511592116153953,,702680281.0,1,(HH:MM:SS): 05:40:07,16001,11.19891357421875,,0.3017519657883846,
81,2,6,20,103,"[6.0, 6.0]","[8.1, 24.3]",0.9,"[0.3333333333333333, 1]","[1.0, 1.0]","[1.0, 1.0]","[1.0, 1.0]",0.8251332521382105,0.0001,1000.0,529984,1589952,700947082.0,1,(HH:MM:SS): 03:11:25,2101,34.48399543762207,34.48399543762207,700960682.0,1,(HH:MM:SS): 05:40:06,42731,30.862371826171874,,0.10502331778814128,,700977882.0,1,(HH:MM:SS): 05:40:06,35671,28.63236083984375,,0.1696913168998446,,700993782.0,1,(HH:MM:SS): 05:40:08,36191,28.63236083984375,,0.1696913168998446,,702557064.0,1,(HH:MM:SS): 05:40:13,11,158.96473838090895,,3.60981206973129,,702680382.0,1,(HH:MM:SS): 05:40:06,35991,21.447314453125,,0.37805018876304686,
82,2,6,20,108,"[3.0, 6.0]","[4.05, 24.3]",0.9,"[0.3333333333333333, 1]","[1.0, 1.0]","[1.0, 1.0]","[1.0, 1.0]",0.8197701326110981,0.0001,1000.0,582169,1746507,700947183.0,1,(HH:MM:SS): 05:40:09,24081,30.08493118286133,,700960783.0,1,(HH:MM:SS): 05:40:07,40201,25.696588134765623,,0.14586515160771385,,700977983.0,1,(HH:MM:SS): 05:40:08,31541,23.990997314453125,,0.20255768016779688,,700993983.0,1,(HH:MM:SS): 05:40:06,32071,23.990997314453125,,0.20255768016779688,,702557165.0,1,(HH:MM:SS): 05:40:16,11,158.4346895813942,,4.266247365446881,,702680483.0,1,(HH:MM:SS): 05:40:06,42901,28.58396224975586,,0.04989105422852139,
83,2,6,20,87,"[6.0, 12.0]","[8.1, 48.6]",0.9,"[0.3333333333333333, 1]","[1.0, 1.0]","[1.0, 1.0]","[1.0, 1.0]",0.8465854009310888,0.0001,1000.0,379456,1138368,700947284.0,1,(HH:MM:SS): 05:40:07,43901,62.289129638671874,,700960884.0,1,(HH:MM:SS): 05:40:06,63301,54.091610717773435,,0.1316043259626645,,700978084.0,1,(HH:MM:SS): 05:40:06,55161,53.6861328125,,0.13811393538609906,,700994084.0,1,(HH:MM:SS): 05:40:06,54871,53.6861328125,,0.13811393538609906,,702557266.0,1,(HH:MM:SS): 05:40:16,11,281.32473406791684,,3.5164338577185363,,702680584.0,1,(HH:MM:SS): 05:40:06,70601,60.2928482055664,,0.03204863263759737,
84,2,6,20,40,"[3.0, 3.0]","[6.3, 6.3]",0.7,"[1, 1]","[1.0, 1.0]","[1.0, 1.0]","[1.0, 1.0]",0.3877476338090317,0.0001,1000.0,82369,247107,700947385.0,1,(HH:MM:SS): 02:59:20,451,14.226837068796158,14.226837068796158,700960985.0,1,(HH:MM:SS): 02:59:27,791,13.087629854679108,13.087629854679108,0.0800745245487968,0.0800745245487968,700978185.0,1,(HH:MM:SS): 02:59:24,681,13.056345105171204,13.056345105171204,0.0822735199654605,0.0822735199654605,700994185.0,1,(HH:MM:SS): 02:59:24,681,13.056345105171204,13.056345105171204,0.0822735199654605,0.0822735199654605,702565767.0,1,(HH:MM:SS): 02:59:48,11,14.226385921239853,,3.171102291558799e-05,,702686485.0,1,(HH:MM:SS): 02:59:16,411,12.927756816148758,12.927756816148758,0.09131195123452167,0.09131195123452167
85,2,6,20,30,"[6.0, 6.0]","[12.6, 12.6]",0.7,"[1, 1]","[1.0, 1.0]","[1.0, 1.0]","[1.0, 1.0]",0.4305891832532299,0.0001,1000.0,47089,141267,700947486.0,1,(HH:MM:SS): 02:59:16,541,31.125864267349243,31.125864267349243,700961086.0,1,(HH:MM:SS): 02:59:13,591,30.48926091194153,30.48926091194153,0.020452551933650438,0.020452551933650438,700978286.0,1,(HH:MM:SS): 02:59:17,801,27.442745208740234,27.442745208740234,0.11832985670610176,0.11832985670610176,700994286.0,1,(HH:MM:SS): 02:59:17,801,27.442745208740234,27.442745208740234,0.11832985670610176,0.11832985670610176,702565868.0,1,(HH:MM:SS): 02:59:30,11,31.12454605102539,,4.2351155699002914e-05,,702686586.0,1,(HH:MM:SS): 02:59:16,731,27.62036693096161,27.62036693096161,0.11262329316474178,0.11262329316474178
86,2,6,20,33,"[3.0, 6.0]","[6.3, 12.6]",0.7,"[1, 1]","[1.0, 1.0]","[1.0, 1.0]","[1.0, 1.0]",0.4105173638638359,0.0001,1000.0,56644,169932,700947587.0,1,(HH:MM:SS): 02:59:17,521,22.60344624519348,22.60344624519348,700961187.0,1,(HH:MM:SS): 02:59:18,741,21.45387101173401,21.45387101173401,0.050858405439123004,0.050858405439123004,700978387.0,1,(HH:MM:SS): 02:59:20,831,20.117630004882812,20.117630004882812,0.10997509907761371,0.10997509907761371,700994987.0,1,(HH:MM:SS): 02:59:20,831,20.117630004882812,20.117630004882812,0.10997509907761371,0.10997509907761371,702565969.0,1,(HH:MM:SS): 02:59:40,7,22.601964950561523,22.601964950561523,6.553401706489771e-05,6.553401706489771e-05,702686687.0,1,(HH:MM:SS): 02:59:18,771,20.421879768371582,20.421879768371582,0.09651477271019235,0.09651477271019235
87,2,6,20,26,"[6.0, 12.0]","[12.6, 25.2]",0.7,"[1, 1]","[1.0, 1.0]","[1.0, 1.0]","[1.0, 1.0]",0.4638603242087431,0.0001,1000.0,35721,107163,700947688.0,1,(HH:MM:SS): 02:59:14,701,50.19902606010437,50.19902606010437,700961288.0,1,(HH:MM:SS): 02:59:11,551,47.68070802688599,47.68070802688599,0.050166671166152685,0.050166671166152685,700978588.0,1,(HH:MM:SS): 02:59:17,1071,42.68643302917481,42.68643302917481,0.14965615113597178,0.14965615113597178,700995088.0,1,(HH:MM:SS): 02:59:17,1071,42.68643302917481,42.68643302917481,0.14965615113597178,0.14965615113597178,702566070.0,1,(HH:MM:SS): 02:59:36,8,50.1978315114975,50.1978315114975,2.3796250657236697e-05,2.3796250657236697e-05,702686788.0,1,(HH:MM:SS): 02:59:17,1151,44.97924683094025,44.97924683094025,0.10398168328832458,0.10398168328832458
88,2,6,20,66,"[3.0, 3.0]","[7.2, 7.2]",0.8,"[1, 1]","[1.0, 1.0]","[1.0, 1.0]","[1.0, 1.0]",0.5872674076913782,0.0001,1000.0,219961,659883,700947789.0,1,(HH:MM:SS): 03:00:40,881,15.513668060302734,15.513668060302734,700961389.0,1,(HH:MM:SS): 03:01:23,1661,14.495353698730469,14.495353698730469,0.06563981887545906,0.06563981887545906,700978689.0,1,(HH:MM:SS): 03:02:48,2501,14.329856872558594,14.329856872558594,0.07630762648411595,0.07630762648411595,700995289.0,1,(HH:MM:SS): 03:02:50,2501,14.329856872558594,14.329856872558594,0.07630762648411595,0.07630762648411595,702566171.0,1,(HH:MM:SS): 03:05:43,11,15.518701553344727,,0.00032445537847185083,,702686889.0,1,(HH:MM:SS): 03:01:52,1861,13.783773005008698,13.783773005008698,0.111507803864941,0.111507803864941
89,2,6,20,48,"[6.0, 6.0]","[14.4, 14.4]",0.8,"[1, 1]","[1.0, 1.0]","[1.0, 1.0]","[1.0, 1.0]",0.6306922853104738,0.0001,1000.0,117649,352947,700947890.0,1,(HH:MM:SS): 02:59:34,581,33.6048538684845,33.6048538684845,700961490.0,1,(HH:MM:SS): 03:00:20,1811,31.097583770751953,31.097583770751953,0.07461035562139215,0.07461035562139215,700978790.0,1,(HH:MM:SS): 03:00:41,2241,30.99212646484375,30.99212646484375,0.07774851257695932,0.07774851257695932,700995390.0,1,(HH:MM:SS): 03:00:41,2241,30.99212646484375,30.99212646484375,0.07774851257695932,0.07774851257695932,702566272.0,1,(HH:MM:SS): 03:01:46,11,33.60360813140869,,3.707015304041981e-05,,702686990.0,1,(HH:MM:SS): 03:00:43,2311,28.92043399810791,28.92043399810791,0.13939712068707305,0.13939712068707305
90,2,6,20,54,"[3.0, 6.0]","[7.2, 14.4]",0.8,"[1, 1]","[1.0, 1.0]","[1.0, 1.0]","[1.0, 1.0]",0.6113603658063297,0.0001,1000.0,148225,444675,700947991.0,1,(HH:MM:SS): 03:00:19,1101,24.71254253387451,24.71254253387451,700961891.0,1,(HH:MM:SS): 03:00:42,1801,22.32045555114746,22.32045555114746,0.09679647407579035,0.09679647407579035,700978891.0,1,(HH:MM:SS): 03:01:33,2651,22.417613983154297,22.417613983154297,0.09286493073606088,0.09286493073606088,700995491.0,1,(HH:MM:SS): 03:01:34,2651,22.417613983154297,22.417613983154297,0.09286493073606088,0.09286493073606088,702576973.0,1,(HH:MM:SS): 03:03:51,10,24.716873168945312,24.716873168945312,0.0001752403689286361,0.0001752403689286361,702687091.0,1,(HH:MM:SS): 03:00:42,2001,22.721555709838867,22.721555709838867,0.08056584308581426,0.08056584308581426
91,2,6,20,43,"[6.0, 12.0]","[14.4, 28.8]",0.8,"[1, 1]","[1.0, 1.0]","[1.0, 1.0]","[1.0, 1.0]",0.6596378882137727,0.0001,1000.0,94864,284592,700948092.0,1,(HH:MM:SS): 02:59:51,1191,53.78485050201416,53.78485050201416,700961992.0,1,(HH:MM:SS): 03:00:15,2141,49.283806991577144,49.283806991577144,0.08368608387725197,0.08368608387725197,700978992.0,1,(HH:MM:SS): 03:00:47,3031,48.134936523437496,48.134936523437496,0.10504656842664427,0.10504656842664427,700995592.0,1,(HH:MM:SS): 03:00:47,3031,48.134936523437496,48.134936523437496,0.10504656842664427,0.10504656842664427,702577074.0,1,(HH:MM:SS): 03:02:25,8,53.79444122314453,53.79444122314453,0.00017831640398467514,0.00017831640398467514,702693492.0,1,(HH:MM:SS): 03:00:45,3351,48.87502770423889,48.87502770423889,0.09128635204798803,0.09128635204798803
92,2,6,20,139,"[3.0, 3.0]","[8.1, 8.1]",0.9,"[1, 1]","[1.0, 1.0]","[1.0, 1.0]","[1.0, 1.0]",0.7978555969501487,0.0001,1000.0,960400,2881200,700948293.0,1,(HH:MM:SS): 05:40:12,11981,16.10009765625,,700962093.0,1,(HH:MM:SS): 05:40:10,18201,13.249481201171875,,0.17705584872471417,,700979093.0,1,(HH:MM:SS): 05:40:08,16061,12.57598876953125,,0.21888742304309586,,700995693.0,1,(HH:MM:SS): 05:40:11,15731,12.5777587890625,,0.21877748460861918,,702585875.0,1,(HH:MM:SS): 05:40:21,11,59.36558389663696,,2.687280982025066,,702693593.0,1,(HH:MM:SS): 05:40:09,15961,11.632125854492188,,0.2775120932277924,
93,2,6,20,103,"[6.0, 6.0]","[16.2, 16.2]",0.9,"[1, 1]","[1.0, 1.0]","[1.0, 1.0]","[1.0, 1.0]",0.8251332521382105,0.0001,1000.0,529984,1589952,700948394.0,1,(HH:MM:SS): 05:40:08,28021,34.641021728515625,,700962194.0,1,(HH:MM:SS): 05:40:07,40951,30.37054443359375,,0.12327804094203505,,700979294.0,1,(HH:MM:SS): 05:40:07,35311,29.5645751953125,,0.14654436503021273,,700995794.0,1,(HH:MM:SS): 05:40:08,36251,29.56689453125,,0.1464774115795993,,702585976.0,1,(HH:MM:SS): 05:40:13,11,162.50557708740234,,3.6911311785481145,,702693694.0,1,(HH:MM:SS): 03:36:18,8331,22.229965209960938,22.229965209960938,0.35827628341395645,
94,2,6,20,115,"[3.0, 6.0]","[8.1, 16.2]",0.9,"[1, 1]","[1.0, 1.0]","[1.0, 1.0]","[1.0, 1.0]",0.8135838619988641,0.0001,1000.0,659344,1978032,700948495.0,1,(HH:MM:SS): 03:26:27,3271,25.775650024414062,25.775650024414062,700962295.0,1,(HH:MM:SS): 05:40:07,29441,20.8670654296875,,0.19043494887916587,,700979395.0,1,(HH:MM:SS): 05:40:08,26441,20.44378662109375,,0.20685660296714545,,700996195.0,1,(HH:MM:SS): 05:40:08,26341,20.44378662109375,,0.20685660296714545,,702586077.0,1,(HH:MM:SS): 05:40:18,11,123.49789810180664,,3.7912622178231183,,702693795.0,1,(HH:MM:SS): 03:37:12,8851,21.381088256835938,21.381088256835938,0.1704927620997222,0.1704927620997222
95,2,6,20,90,"[6.0, 12.0]","[16.2, 32.4]",0.9,"[1, 1]","[1.0, 1.0]","[1.0, 1.0]","[1.0, 1.0]",0.840941613356355,0.0001,1000.0,405769,1217307,700948596.0,1,(HH:MM:SS): 05:40:08,40021,55.15010986328125,,700962396.0,1,(HH:MM:SS): 05:40:06,54481,46.4753662109375,,0.1572933158945412,,700979496.0,1,(HH:MM:SS): 05:40:07,50401,46.687963867187506,,0.15343842500172086,,700998296.0,1,(HH:MM:SS): 05:40:06,50881,46.687963867187506,,0.15343842500172086,,702586178.0,1,(HH:MM:SS): 05:40:10,11,254.6254367828369,,3.616952485027879,,702693896.0,1,(HH:MM:SS): 03:17:04,7251,45.48878021240235,45.48878021240235,0.17518241894403522,
96,2,6,20,40,"[3.0, 3.0]","[9.45, 3.15]",0.7,"[3, 1]","[1.0, 1.0]","[1.0, 1.0]","[1.0, 1.0]",0.3877476338090317,0.0001,1000.0,82369,247107,700948697.0,1,(HH:MM:SS): 02:59:18,411,14.129056453704834,14.129056453704834,700962497.0,1,(HH:MM:SS): 02:59:25,721,13.068748205900192,13.068748205900192,0.075044519163671,0.075044519163671,700979597.0,1,(HH:MM:SS): 02:59:26,741,13.03055191040039,13.03055191040039,0.07774790531156808,0.07774790531156808,700998597.0,1,(HH:MM:SS): 02:59:26,741,13.03055191040039,13.03055191040039,0.07774790531156808,0.07774790531156808,702586279.0,1,(HH:MM:SS): 02:59:52,7,14.124555349349976,14.124555349349976,0.00031857076724172524,0.00031857076724172524,702693997.0,1,(HH:MM:SS): 02:59:22,601,13.05785584449768,13.05785584449768,0.07581543839937518,0.07581543839937518
97,2,6,20,30,"[6.0, 6.0]","[18.9, 6.3]",0.7,"[3, 1]","[1.0, 1.0]","[1.0, 1.0]","[1.0, 1.0]",0.4305891832532299,0.0001,1000.0,47089,141267,700948798.0,1,(HH:MM:SS): 02:59:14,541,30.62083339691162,30.62083339691162,700962598.0,1,(HH:MM:SS): 02:59:14,621,29.789405822753906,29.789405822753906,0.027152349623559613,0.027152349623559613,700979698.0,1,(HH:MM:SS): 02:59:17,801,27.36330795288086,27.36330795288086,0.1063826513735355,0.1063826513735355,700998698.0,1,(HH:MM:SS): 02:59:17,801,27.36330795288086,27.36330795288086,0.1063826513735355,0.1063826513735355,702586380.0,1,(HH:MM:SS): 02:59:33,6,30.61936116218567,30.61936116218567,4.807951197372166e-05,4.807951197372166e-05,702694098.0,1,(HH:MM:SS): 02:59:15,691,27.871967315673828,27.871967315673828,0.0897711060181347,0.0897711060181347
98,2,6,20,36,"[3.0, 6.0]","[9.45, 6.3]",0.7,"[3, 1]","[1.0, 1.0]","[1.0, 1.0]","[1.0, 1.0]",0.3994813165257622,0.0001,1000.0,67081,201243,700948899.0,1,(HH:MM:SS): 02:59:19,551,18.218465328216553,18.218465328216553,700962699.0,1,(HH:MM:SS): 02:59:23,801,17.302001476287842,17.302001476287842,0.05030411922289097,0.05030411922289097,700979799.0,1,(HH:MM:SS): 02:59:17,551,16.489556670188904,16.489556670188904,0.09489869903311421,0.09489869903311421,700998799.0,1,(HH:MM:SS): 02:59:17,551,16.489556670188904,16.489556670188904,0.09489869903311421,0.09489869903311421,702586481.0,1,(HH:MM:SS): 02:59:37,7,18.217677116394043,18.217677116394043,4.3264446719833865e-05,4.3264446719833865e-05,702694199.0,1,(HH:MM:SS): 02:59:16,541,16.537030577659607,16.537030577659607,0.09229288638010352,0.09229288638010352
99,2,6,20,28,"[6.0, 12.0]","[18.9, 12.6]",0.7,"[3, 1]","[1.0, 1.0]","[1.0, 1.0]","[1.0, 1.0]",0.4482571688182871,0.0001,1000.0,41209,123627,7009493100.0,1,(HH:MM:SS): 02:59:15,731,40.02146339416504,40.02146339416504,7009627100.0,1,(HH:MM:SS): 02:59:13,611,38.8665771484375,38.8665771484375,0.0288566720900045,0.0288566720900045,7009798100.0,1,(HH:MM:SS): 02:59:19,1081,34.78285217285156,34.78285217285156,0.13089504423462048,0.13089504423462048,7009998100.0,1,(HH:MM:SS): 02:59:19,1081,34.78285217285156,34.78285217285156,0.13089504423462048,0.13089504423462048,702593682.0,1,(HH:MM:SS): 02:59:37,7,40.02131652832031,40.02131652832031,3.669677025052885e-06,3.669677025052885e-06,7026942100.0,1,(HH:MM:SS): 02:59:18,1091,35.516286849975586,35.516286849975586,0.11256901077850863,0.11256901077850863
100,2,6,20,66,"[3.0, 3.0]","[10.8, 3.6]",0.8,"[3, 1]","[1.0, 1.0]","[1.0, 1.0]","[1.0, 1.0]",0.5872674076913782,0.0001,1000.0,219961,659883,7009494101.0,1,(HH:MM:SS): 03:00:47,931,15.379257202148438,15.379257202148438,7009628101.0,1,(HH:MM:SS): 03:01:14,1441,14.498921394348145,14.498921394348145,0.0572417637749964,0.0572417637749964,7009799101.0,1,(HH:MM:SS): 03:02:51,2521,14.191795349121094,14.191795349121094,0.07721191195511437,0.07721191195511437,7010001101.0,1,(HH:MM:SS): 03:02:51,2521,14.191795349121094,14.191795349121094,0.07721191195511437,0.07721191195511437,702593783.0,1,(HH:MM:SS): 03:06:14,8,15.383350372314453,15.383350372314453,0.00026614875557473745,0.00026614875557473745,7027011101.0,1,(HH:MM:SS): 03:00:53,1201,14.397508263587952,14.397508263587952,0.06383591389728097,0.06383591389728097
101,2,6,20,48,"[6.0, 6.0]","[21.6, 7.2]",0.8,"[3, 1]","[1.0, 1.0]","[1.0, 1.0]","[1.0, 1.0]",0.6306922853104738,0.0001,1000.0,117649,352947,7009495102.0,1,(HH:MM:SS): 02:59:42,731,33.257015991210935,33.257015991210935,7009629102.0,1,(HH:MM:SS): 03:00:11,1531,31.013402557373045,31.013402557373045,0.06746286060152917,0.06746286060152917,7009800102.0,1,(HH:MM:SS): 03:00:45,2341,30.668908691406248,30.668908691406248,0.07782139264955894,0.07782139264955894,7010002102.0,1,(HH:MM:SS): 03:00:45,2341,30.668908691406248,30.668908691406248,0.07782139264955894,0.07782139264955894,702593884.0,1,(HH:MM:SS): 03:02:22,8,33.25845446586609,33.25845446586609,4.3253268890177764e-05,4.3253268890177764e-05,7027012102.0,1,(HH:MM:SS): 03:00:02,1351,30.66792812347412,30.66792812347412,0.07785087719298242,0.07785087719298242
102,2,6,20,59,"[3.0, 6.0]","[10.8, 7.2]",0.8,"[3, 1]","[1.0, 1.0]","[1.0, 1.0]","[1.0, 1.0]",0.6000043489507811,0.0001,1000.0,176400,529200,7009496103.0,1,(HH:MM:SS): 03:00:18,891,19.99258518218994,19.99258518218994,7009632103.0,1,(HH:MM:SS): 03:01:01,1701,18.333009719848633,18.333009719848633,0.08300954815086713,0.08300954815086713,7009802103.0,1,(HH:MM:SS): 03:02:24,2921,18.132713317871094,18.132713317871094,0.09302808253010138,0.09302808253010138,7010003103.0,1,(HH:MM:SS): 03:02:27,2921,18.132713317871094,18.132713317871094,0.09302808253010138,0.09302808253010138,702593985.0,1,(HH:MM:SS): 03:05:15,8,19.998773097991943,19.998773097991943,0.00030951053831269177,0.00030951053831269177,7027013103.0,1,(HH:MM:SS): 03:01:38,2661,18.066150188446045,18.066150188446045,0.0963574733426685,0.0963574733426685
103,2,6,20,45,"[6.0, 12.0]","[21.6, 14.4]",0.8,"[3, 1]","[1.0, 1.0]","[1.0, 1.0]","[1.0, 1.0]",0.6464969467009619,0.0001,1000.0,103684,311052,7009497104.0,1,(HH:MM:SS): 02:59:38,771,43.51260719299316,43.51260719299316,7009633104.0,1,(HH:MM:SS): 03:00:16,1971,40.75035552978515,40.75035552978515,0.06348163995222081,0.06348163995222081,7009803104.0,1,(HH:MM:SS): 03:01:04,3141,39.083367919921876,39.083367919921876,0.10179209104676502,0.10179209104676502,7010005104.0,1,(HH:MM:SS): 03:01:02,3141,39.083367919921876,39.083367919921876,0.10179209104676502,0.10179209104676502,702594086.0,1,(HH:MM:SS): 03:02:57,9,43.512255096435545,43.512255096435545,8.091828560197662e-06,8.091828560197662e-06,7027014104.0,1,(HH:MM:SS): 03:01:04,3671,39.22274398803711,39.22274398803711,0.09858897183358956,0.09858897183358956
104,2,6,20,139,"[3.0, 3.0]","[12.149999999999999, 4.05]",0.9,"[3, 1]","[1.0, 1.0]","[1.0, 1.0]","[1.0, 1.0]",0.7978555969501487,0.0001,1000.0,960400,2881200,7009498105.0,1,(HH:MM:SS): 05:40:11,8531,16.039031982421875,,7009634105.0,1,(HH:MM:SS): 05:40:09,15901,14.196884155273438,,0.11485405286100535,,7009804105.0,1,(HH:MM:SS): 05:40:06,15861,12.2591552734375,,0.23566738398719858,,7010006105.0,1,(HH:MM:SS): 05:40:07,15881,12.2591552734375,,0.23566738398719858,,702594187.0,1,(HH:MM:SS): 05:40:27,11,58.45498490333557,,2.6445456912486893,,7027015105.0,1,(HH:MM:SS): 05:40:06,15311,14.269012451171875,,0.11035700491088672,
105,2,6,20,103,"[6.0, 6.0]","[24.299999999999997, 8.1]",0.9,"[3, 1]","[1.0, 1.0]","[1.0, 1.0]","[1.0, 1.0]",0.8251332521382105,0.0001,1000.0,529984,1589952,7009499106.0,1,(HH:MM:SS): 03:16:40,2091,34.48399543762207,34.48399543762207,7009635106.0,1,(HH:MM:SS): 05:40:06,38331,30.862371826171874,,0.10502331778814128,,7009805106.0,1,(HH:MM:SS): 05:40:08,36411,28.59315185546875,,0.1708283366644459,,7010034106.0,1,(HH:MM:SS): 05:40:09,25301,28.59315185546875,,0.1708283366644459,,702594288.0,1,(HH:MM:SS): 05:40:14,11,158.64817560911177,,3.600632078614257,,7027016106.0,1,(HH:MM:SS): 05:40:08,36311,29.79086380004883,,0.13609593604263823,
106,2,6,20,125,"[3.0, 6.0]","[12.149999999999999, 8.1]",0.9,"[3, 1]","[1.0, 1.0]","[1.0, 1.0]","[1.0, 1.0]",0.8063709041419076,0.0001,1000.0,777924,2333772,7009500107.0,1,(HH:MM:SS): 03:23:01,2371,21.09088134765625,21.09088134765625,7009636107.0,1,(HH:MM:SS): 05:40:06,21341,17.575927734375,,0.16665750261175566,,7009806107.0,1,(HH:MM:SS): 05:40:09,20521,16.0010986328125,,0.24132622202672238,,7010058107.0,1,(HH:MM:SS): 05:40:10,20861,16.0010986328125,,0.24132622202672238,,702594389.0,1,(HH:MM:SS): 05:40:18,11,89.950035572052,,3.264877986336394,,7027017107.0,1,(HH:MM:SS): 05:40:08,30961,15.445037841796875,,0.2676912080057184,
107,2,6,20,95,"[6.0, 12.0]","[24.299999999999997, 16.2]",0.9,"[3, 1]","[1.0, 1.0]","[1.0, 1.0]","[1.0, 1.0]",0.8339678051487754,0.0001,1000.0,451584,1354752,7008388108.0,1,(HH:MM:SS): 05:40:06,35211,45.544149017333986,,7008389108.0,1,(HH:MM:SS): 05:40:07,46871,38.53182830810547,,0.1539675427146448,,7008390108.0,1,(HH:MM:SS): 05:40:06,44901,36.86548156738281,,0.19055504685460473,,7008391108.0,1,(HH:MM:SS): 05:40:07,44301,36.86548156738281,,0.19055504685460473,,702594490.0,1,(HH:MM:SS): 05:40:12,11,203.26030774116515,,3.462929094663835,,7008393108.0,1,(HH:MM:SS): 05:40:07,58991,28.979171752929688,,0.36371252118685343,
