11630416,2,21/04/2023,23260832,2,4,60,93025,279075,30,1.00E-05,[1. 1.],[1. 1.],[1. 1.],[0.4726 0.5953],[0.3633 0.3852],0.711584923,[0.4513 0.3378],0.388029516,FALSE,FALSE,21.45886497,1.34675562,68.6479087,49.97280285
11630414,3,21/04/2023,34891242,2,5,60,133956,401868,30,1.00E-05,[1. 1.],[1. 1.],[1. 1.],[0.9169 1.2667],[0.6327 0.9349],0.560809097,[0.1057 0.0447],0.070314078,FALSE,FALSE,29.73672632,3.717128986,62.60240134,15.84160049
11630415,1,21/04/2023,11630415,2,2,124,140625,421875,30,1.00E-05,[1. 1.],[1. 1.],[1. 1.],[0.148  0.2156],[0.4342 0.4232],0.42510716,[0.2043 0.1199],0.154254235,FALSE,FALSE,49.30844415,0.271249929,45.50228178,166.7503912
11630444,2,21/04/2023,23260888,2,6,60,182329,546987,30,1.00E-05,[1. 1.],[1. 1.],[1. 1.],[1.0335 1.15  ],[0.6519 0.5042],0.644342253,[0.1211 0.1412],0.131686215,FALSE,FALSE,817.2817763,2.07967819,74.52495457,34.83484932
11630442,3,21/04/2023,34891326,2,4,77,152100,456300,30,1.00E-05,[1. 1.],[1. 1.],[1. 1.],[0.1882 0.3053],[0.1704 0.184 ],0.691026658,[0.5627 0.3305],0.419051246,FALSE,FALSE,831.7021746,0.429042946,64.40183086,149.1057912
11630443,1,21/04/2023,11630443,2,6,60,182329,546987,30,1.00E-05,[1. 1.],[1. 1.],[1. 1.],[1.6999 2.0041],[0.7024 0.6467],0.919823427,[0.6685 0.6043],0.63376371,FALSE,FALSE,839.9074061,3.050751789,123.2569091,39.40214268
11630511,3,21/04/2023,34891533,2,4,60,93025,279075,30,1.00E-05,[1. 1.],[1. 1.],[1. 1.],[0.7849 0.8762],[0.8541 0.8056],0.50167391,[0.0724 0.0674],0.069762591,TRUE,TRUE,1962.381568,1.617200676,1.605503756,0.007232819
11630512,1,21/04/2023,11630512,2,5,60,133956,401868,30,1.00E-05,[1. 1.],[1. 1.],[1. 1.],[0.8672 0.8825],[0.5997 0.9171],0.481670601,[0.0535 0.032 ],0.042655998,TRUE,TRUE,2446.381138,1.72859327,1.718134889,0.006050227
11630513,2,21/04/2023,23261026,2,6,60,182329,546987,30,1.00E-05,[1. 1.],[1. 1.],[1. 1.],[1.6124 0.8826],[0.9523 0.361 ],0.689705506,[0.0562 0.339 ],0.156239792,FALSE,FALSE,3587.272024,2.342330255,83.30010763,34.56292177
2,3,23/04/2023,6,2,4,60,93025,279075,30,1.00E-05,[1. 1.],[1. 1.],[1. 1.],[0.5587 0.3369],[0.9527 0.2885],0.438552763,[0.0287 0.161 ],0.078467608,TRUE,TRUE,4078.245829,0.865690379,0.857345661,0.00963938
2,3,23/04/2023,6,2,4,60,93025,279075,30,1.00E-05,[1. 1.],[1. 1.],[1. 1.],[0.5587 0.3369],[0.9527 0.2885],0.438552763,[0.0287 0.161 ],0.078467608,TRUE,TRUE,4731.015326,0.865690379,0.857345661,0.00963938
2,2,23/04/2023,4,2,4,60,93025,279075,30,1.00E-05,[1. 1.],[1. 1.],[1. 1.],[1.6745 0.4635],[0.9106 0.2554],0.913372569,[0.4247 0.9987],0.54913826,TRUE,TRUE,5568.083483,1.705579069,1.251752377,0.266083643
2,2,23/04/2023,4,2,4,60,93025,279075,30,1.00E-05,[1. 1.],[1. 1.],[1. 1.],[1.6745 0.4635],[0.9106 0.2554],0.913372569,[0.4247 0.9987],0.54913826,TRUE,TRUE,5599.675668,1.705579069,1.251752377,0.266083643
2,1,23/04/2023,2,2,2,179,291600,874800,30,1.00E-05,[1. 1.],[1. 1.],[1. 1.],[0.2907 0.7946],[0.2666 0.9384],0.968638367,[0.9975 0.6696],0.757428739,FALSE,FALSE,7225.086963,0.694130662,76.43591026,109.117467
2,1,23/04/2023,2,2,2,179,291600,874800,30,1.00E-05,[1. 1.],[1. 1.],[1. 1.],[0.2907 0.7946],[0.2666 0.9384],0.968638367,[0.9975 0.6696],0.757428739,FALSE,FALSE,7217.695722,0.697459211,76.43591026,108.5919432
2,1,23/04/2023,2,2,2,179,291600,874800,30,1.00E-05,[1. 1.],[1. 1.],[1. 1.],[0.2907 0.7946],[0.2666 0.9384],0.968638367,[0.9975 0.6696],0.757428739,FALSE,FALSE,7204.182617,0.721324609,76.43591026,104.9660371
2,1,23/04/2023,2,2,2,179,291600,874800,30,1.00E-05,[1. 1.],[1. 1.],[1. 1.],[0.2907 0.7946],[0.2666 0.9384],0.968638367,[0.9975 0.6696],0.757428739,FALSE,FALSE,7253.131237,0.575068009,76.43591026,131.916297
5,2,23/04/2023,10,2,3,60,59536,178608,30,1.00E-05,[1. 1.],[1. 1.],[1. 1.],[0.4162 0.4738],[0.3689 0.5451],0.665808969,[0.473  0.2936],0.377494697,TRUE,TRUE,2881.978418,0.725678455,0.680920056,0.061678004
5,3,23/04/2023,15,2,2,77,54756,164268,30,1.00E-05,[1. 1.],[1. 1.],[1. 1.],[0.3696 0.3092],[0.8322 0.6322],0.466591795,[0.1321 0.2276],0.175601179,TRUE,TRUE,3037.854104,0.600980311,0.587767623,0.021985226
5,2,23/04/2023,10,2,3,60,59536,178608,30,1.00E-05,[1. 1.],[1. 1.],[1. 1.],[0.4162 0.4738],[0.3689 0.5451],0.665808969,[0.473  0.2936],0.377494697,TRUE,TRUE,4085.790977,0.725678455,0.680920056,0.061678004
5,3,23/04/2023,15,2,2,77,54756,164268,30,1.00E-05,[1. 1.],[1. 1.],[1. 1.],[0.3696 0.3092],[0.8322 0.6322],0.466591795,[0.1321 0.2276],0.175601179,TRUE,TRUE,2187.637347,0.600980311,0.587767623,0.021985226
5,1,23/04/2023,5,2,5,60,133956,401868,30,1.00E-05,[1. 1.],[1. 1.],[1. 1.],[0.3625 0.5678],[0.1497 0.8482],0.618242138,[0.394  0.0532],0.185995872,FALSE,FALSE,5402.578711,0.850508767,73.8819676,85.86796715
5,1,23/04/2023,5,2,5,60,133956,401868,30,1.00E-05,[1. 1.],[1. 1.],[1. 1.],[0.3625 0.5678],[0.1497 0.8482],0.618242138,[0.394  0.0532],0.185995872,FALSE,FALSE,5394.959844,0.851031673,73.8819676,85.81459218
5,4,23/04/2023,20,2,5,60,133956,401868,30,1.00E-05,[1. 1.],[1. 1.],[1. 1.],[2.159  2.3537],[0.8987 0.959 ],0.97136677,[0.9284 0.7641],0.842705646,TRUE,FALSE,5377.168198,3.454865902,2.403560993,0.304296878
8,1,23/04/2023,8,2,5,60,133956,401868,30,1.00E-05,[1. 1.],[1. 1.],[1. 1.],[0.2113 0.3822],[0.11   0.3155],0.626510184,[0.5094 0.1384],0.270484751,FALSE,FALSE,5390.052521,0.529193679,69.11212712,129.5989279
5,4,23/04/2023,20,2,5,60,133956,401868,30,1.00E-05,[1. 1.],[1. 1.],[1. 1.],[2.159  2.3537],[0.8987 0.959 ],0.97136677,[0.9284 0.7641],0.842705646,FALSE,FALSE,5387.352185,3.454921178,132.3157479,37.29776169
8,3,23/04/2023,24,2,4,60,93025,279075,30,1.00E-05,[1. 1.],[1. 1.],[1. 1.],[0.5338 0.1327],[0.365  0.1476],0.590492935,[0.0985 0.7159],0.221424201,FALSE,FALSE,5388.291228,0.584222782,58.12372554,98.48897456
8,4,23/04/2023,32,2,5,60,133956,401868,30,1.00E-05,[1. 1.],[1. 1.],[1. 1.],[1.0186 1.5157],[0.4354 0.5996],0.973393929,[0.9985 0.7892],0.873323024,FALSE,FALSE,5405.140979,1.831313874,114.2912012,61.4094006
8,4,23/04/2023,32,2,5,60,133956,401868,30,1.00E-05,[1. 1.],[1. 1.],[1. 1.],[1.0186 1.5157],[0.4354 0.5996],0.973393929,[0.9985 0.7892],0.873323024,TRUE,FALSE,5372.401592,1.831228683,1.316638146,0.281008343
8,1,23/04/2023,8,2,5,60,133956,401868,30,1.00E-05,[1. 1.],[1. 1.],[1. 1.],[0.2113 0.3822],[0.11   0.3155],0.626510184,[0.5094 0.1384],0.270484751,FALSE,FALSE,5378.128055,0.524625871,69.11212712,130.7360254
8,2,23/04/2023,16,2,3,110,197136,591408,30,1.00E-05,[1. 1.],[1. 1.],[1. 1.],[0.2003 0.1872],[0.394  0.1501],0.585170068,[0.1515 0.4201],0.281259794,FALSE,FALSE,5379.118537,0.321329307,60.37858614,186.9025187
8,3,23/04/2023,24,2,4,60,93025,279075,30,1.00E-05,[1. 1.],[1. 1.],[1. 1.],[0.5338 0.1327],[0.365  0.1476],0.590492935,[0.0985 0.7159],0.221424201,FALSE,FALSE,5387.700286,0.583702766,58.12372554,98.57760861
11644622,5,24/04/2023,58223110,2,3,60,59536,178608,30,1.00E-05,[1. 1.],[1. 1.],[1. 1.],[1.0491 0.9081],[0.8995 0.7587],0.787770888,[0.3691 0.5315],0.444450215,TRUE,TRUE,2417.865292,1.562879083,1.388817753,0.111372231
11644829,12,24/04/2023,139737948,2,3,60,59536,178608,30,1.00E-05,[1. 1.],[1. 1.],[1. 1.],[0.3643 0.9032],[0.5164 0.8257],0.599745771,[0.4761 0.1053],0.211873917,TRUE,TRUE,2397.513043,1.127675025,1.088764868,0.034504761
11644665,6,24/04/2023,69867990,2,4,60,93025,279075,30,1.00E-05,[1. 1.],[1. 1.],[1. 1.],[0.6187 1.0398],[0.4949 0.6575],0.707881615,[0.4695 0.1951],0.297464353,TRUE,TRUE,3711.041479,1.434893668,1.345625001,0.06221274
11644703,8,24/04/2023,93157624,2,4,60,93025,279075,30,1.00E-05,[1. 1.],[1. 1.],[1. 1.],[0.8979 0.9346],[0.4672 0.856 ],0.75338036,[0.4749 0.2393],0.354740786,TRUE,TRUE,4285.59534,1.548271655,1.411155718,0.088560645
11644935,14,24/04/2023,163029090,2,4,60,93025,279075,30,1.00E-05,[1. 1.],[1. 1.],[1. 1.],[1.3114 0.6366],[0.7561 0.6561],0.676210332,[0.1374 0.3797],0.216582844,TRUE,TRUE,3715.310713,1.751379937,1.67780997,0.042006857
11644566,4,24/04/2023,46578264,2,5,60,133956,401868,30,1.00E-05,[1. 1.],[1. 1.],[1. 1.],[1.0405 1.6774],[0.5206 0.9471],0.753968792,[0.4616 0.13  ],0.256947202,TRUE,TRUE,6629.910545,2.438868762,2.251169013,0.076961808
11644816,11,24/04/2023,128092976,2,4,60,93025,279075,30,1.00E-05,[1. 1.],[1. 1.],[1. 1.],[0.8628 0.3459],[0.4897 0.2272],0.821059155,[0.2827 0.9987],0.487601464,TRUE,TRUE,6942.449122,0.920964492,0.799567162,0.13181543
11644958,15,24/04/2023,174674370,2,6,60,182329,546987,30,1.00E-05,[1. 1.],[1. 1.],[1. 1.],[1.0479 1.1266],[0.5981 0.5111],0.659405908,[0.144  0.1567],0.150579821,TRUE,TRUE,7772.432844,2.049322784,1.992833548,0.027564831
11644692,7,24/04/2023,81512844,2,3,63,65536,196608,30,1.00E-05,[1. 1.],[1. 1.],[1. 1.],[0.1181 0.5045],[0.1043 0.9348],0.557384057,[0.7474 0.0276],0.164137713,TRUE,TRUE,9252.012552,0.553216461,0.513401257,0.071970389
11644740,10,24/04/2023,116447400,2,5,60,133956,401868,30,1.00E-05,[1. 1.],[1. 1.],[1. 1.],[0.8323 0.4668],[0.5664 0.2661],0.644655752,[0.1085 0.4027],0.214213617,TRUE,TRUE,9391.16815,1.178103299,1.13060451,0.040318017
11644280,1,24/04/2023,11644280,2,5,60,133956,401868,30,1.00E-05,[1. 1.],[1. 1.],[1. 1.],[0.2337 0.2021],[0.2644 0.1678],0.417669244,[0.083  0.1312],0.105352501,TRUE,TRUE,14727.86511,0.422225304,0.419845441,0.005636476
11644304,3,24/04/2023,34932912,2,6,60,182329,546987,30,1.00E-05,[1. 1.],[1. 1.],[1. 1.],[1.0466 1.1127],[0.2693 0.567 ],0.974801501,[0.9989 0.7596],0.875587301,TRUE,TRUE,13384.77455,1.603474944,1.187771535,0.259251578
11645188,18,24/04/2023,209613384,2,5,60,133956,401868,30,1.00E-05,[1. 1.],[1. 1.],[1. 1.],[1.3701 0.2994],[0.707  0.3523],0.557585858,[0.0302 0.3362],0.08507655,TRUE,TRUE,6995.008154,1.603418456,1.585085732,0.011433524
11646028,45,24/04/2023,524071260,2,3,60,59536,178608,30,1.00E-05,[1. 1.],[1. 1.],[1. 1.],[0.4569 0.8309],[0.5373 0.8288],0.617629813,[0.4243 0.1376],0.239318613,TRUE,TRUE,2292.476601,1.134526476,1.087756219,0.041224474
11646009,27,24/04/2023,314442243,2,3,60,59536,178608,30,1.00E-05,[1. 1.],[1. 1.],[1. 1.],[0.856  0.4955],[0.5622 0.6295],0.769876345,[0.382 0.632],0.473657418,TRUE,TRUE,2555.124493,1.037277438,0.94124858,0.092577795
11646014,31,24/04/2023,361026434,2,4,60,93025,279075,30,1.00E-05,[1. 1.],[1. 1.],[1. 1.],[1.2514 0.334 ],[0.9443 0.9343],0.420654072,[0.0134 0.0732],0.025998209,TRUE,TRUE,2671.916532,1.572869134,1.567257275,0.003567913
11646019,36,24/04/2023,419256684,2,3,60,59536,178608,30,1.00E-05,[1. 1.],[1. 1.],[1. 1.],[1.1297 1.4423],[0.9493 0.9939],0.880416894,[0.7342 0.5112],0.609148328,TRUE,TRUE,2827.717983,1.932863348,1.5864677,0.179213729
11646027,44,24/04/2023,512425188,2,3,60,59536,178608,30,1.00E-05,[1. 1.],[1. 1.],[1. 1.],[0.7081 1.4547],[0.727  0.8454],0.898287673,[0.9976 0.4831],0.651547129,TRUE,TRUE,2849.0432,1.540118909,1.256464951,0.184176661
11646023,40,24/04/2023,465840920,2,3,60,59536,178608,30,1.00E-05,[1. 1.],[1. 1.],[1. 1.],[0.2731 0.4494],[0.3804 0.6684],0.463466803,[0.2598 0.0921],0.155489439,TRUE,TRUE,3658.706799,0.671805276,0.661725772,0.01500361
11646021,38,24/04/2023,442548798,2,3,60,59536,178608,30,1.00E-05,[1. 1.],[1. 1.],[1. 1.],[0.8385 0.7027],[0.7431 0.5224],0.824464705,[0.4186 0.7323],0.561629451,TRUE,TRUE,3891.714349,1.152050053,0.990524213,0.140207311
11646020,37,24/04/2023,430902740,2,4,60,93025,279075,30,1.00E-05,[1. 1.],[1. 1.],[1. 1.],[0.5746 0.6318],[0.6042 0.454 ],0.58571177,[0.1717 0.2035],0.188353879,TRUE,TRUE,3942.077203,1.107579106,1.078505164,0.026249991
11644908,13,24/04/2023,151383804,2,6,60,182329,546987,30,1.00E-05,[1. 1.],[1. 1.],[1. 1.],[1.4917 1.3154],[0.5516 0.4105],0.984719146,[0.8585 0.9986],0.924150508,TRUE,TRUE,12547.50747,2.065594368,1.478809154,0.284075723
11646030,46,24/04/2023,535717380,2,4,60,93025,279075,30,1.00E-05,[1. 1.],[1. 1.],[1. 1.],[1.2004 0.7422],[0.8761 0.6188],0.642400173,[0.1097 0.288 ],0.177822238,TRUE,TRUE,4546.006092,1.790632084,1.728828785,0.034514795
11646043,56,24/04/2023,652178408,2,3,60,59536,178608,30,1.00E-05,[1. 1.],[1. 1.],[1. 1.],[0.3255 0.9953],[0.219  0.9236],0.854685097,[0.9987 0.301 ],0.47294227,TRUE,TRUE,4241.531692,1.009357814,0.795105479,0.212265989
11646018,35,24/04/2023,407610630,2,3,61,61504,184512,30,1.00E-05,[1. 1.],[1. 1.],[1. 1.],[0.6068 0.1765],[0.5351 0.2336],0.629927659,[0.1232 0.8442],0.28566202,TRUE,TRUE,4667.152021,0.646981585,0.616959613,0.046403133
11646041,54,24/04/2023,628886214,2,4,60,93025,279075,30,1.00E-05,[1. 1.],[1. 1.],[1. 1.],[0.8103 1.0367],[0.4204 0.7456],0.829481387,[0.7496 0.3143],0.505271083,TRUE,TRUE,5143.835146,1.461688155,1.257682143,0.139568766
11646053,63,24/04/2023,733701339,2,3,60,59536,178608,30,1.00E-05,[1. 1.],[1. 1.],[1. 1.],[1.4304 0.4276],[0.8548 0.4384],0.882851619,[0.4277 0.9981],0.558971819,TRUE,TRUE,3111.445074,1.341922613,1.102516865,0.178405033
11646017,34,24/04/2023,395964578,2,4,60,93025,279075,30,1.00E-05,[1. 1.],[1. 1.],[1. 1.],[1.3633 0.619 ],[0.5241 0.4436],0.999139703,[0.996  0.9983],0.996718206,TRUE,TRUE,5987.435748,1.278077919,0.964036255,0.245714021
11646008,26,24/04/2023,302796208,2,4,60,93025,279075,30,1.00E-05,[1. 1.],[1. 1.],[1. 1.],[0.5165 0.9806],[0.2299 0.7712],0.879608922,[0.9988 0.3145],0.550583729,TRUE,TRUE,6337.658695,1.145301078,0.917100054,0.199249811
11646044,57,24/04/2023,663824508,2,5,60,133956,401868,30,1.00E-05,[1. 1.],[1. 1.],[1. 1.],[0.328  0.3485],[0.2927 0.3863],0.404584492,[0.0792 0.0591],0.068845455,TRUE,TRUE,6294.17243,0.663388708,0.661065541,0.00350197
11646037,51,24/04/2023,593947887,2,4,60,93025,279075,30,1.00E-05,[1. 1.],[1. 1.],[1. 1.],[0.7292 0.5585],[0.9332 0.2503],0.753229729,[0.1423 0.6708],0.371520509,TRUE,TRUE,6704.196885,1.062136967,0.944507957,0.110747496
11646010,28,24/04/2023,326088280,2,5,60,133956,401868,30,1.00E-05,[1. 1.],[1. 1.],[1. 1.],[2.2776 0.8517],[0.973  0.9134],0.654663994,[0.0535 0.2067],0.095196367,TRUE,TRUE,7032.991024,3.006827612,2.945464887,0.020407796
11646062,72,24/04/2023,838516464,2,3,60,59536,178608,30,1.00E-05,[1. 1.],[1. 1.],[1. 1.],[0.3523 0.6094],[0.4059 0.8126],0.539267936,[0.3505 0.0989],0.191068743,TRUE,TRUE,2641.413498,0.871488589,0.847795626,0.027186773
11646011,29,24/04/2023,337734319,2,3,60,59536,178608,30,1.00E-05,[1. 1.],[1. 1.],[1. 1.],[1.0118 0.1419],[0.7001 0.2119],0.704962139,[0.137  0.9984],0.242948392,TRUE,TRUE,7502.900827,0.955738691,0.863349521,0.096667814
11646036,50,24/04/2023,582301800,2,5,60,133956,401868,30,1.00E-05,[1. 1.],[1. 1.],[1. 1.],[1.0346 0.9228],[0.8543 0.5023],0.609641793,[0.0816 0.1684],0.12252114,TRUE,TRUE,7496.221477,1.860415666,1.818568951,0.022493207
11646057,67,24/04/2023,780285819,2,2,86,68121,204363,30,1.00E-05,[1. 1.],[1. 1.],[1. 1.],[0.6294 0.5799],[0.9757 0.7663],0.700880461,[0.2682 0.421 ],0.341472736,TRUE,TRUE,3731.175311,0.918275559,0.831210714,0.094813419
11646013,30,24/04/2023,349380390,2,2,96,84681,254043,30,1.00E-05,[1. 1.],[1. 1.],[1. 1.],[0.799  0.1275],[0.7991 0.4484],0.642163771,[0.0809 0.997 ],0.206968807,TRUE,TRUE,7961.053024,0.702293836,0.668257502,0.04846452
11646034,49,24/04/2023,570655666,2,4,60,93025,279075,30,1.00E-05,[1. 1.],[1. 1.],[1. 1.],[0.4087 0.2242],[0.3453 0.185 ],0.59897754,[0.1686 0.4778],0.278131743,TRUE,TRUE,7906.638158,0.551402987,0.531502402,0.036090818
11646060,70,24/04/2023,815224200,2,3,60,59536,178608,30,1.00E-05,[1. 1.],[1. 1.],[1. 1.],[0.8849 0.8533],[0.6847 0.7269],0.822102288,[0.549 0.538],0.543599988,TRUE,TRUE,3652.250178,1.313484094,1.141642627,0.130828739
11646022,39,24/04/2023,454194858,2,6,60,182329,546987,30,1.00E-05,[1. 1.],[1. 1.],[1. 1.],[0.6158 2.1185],[0.6093 0.8461],0.58575051,[0.1555 0.0227],0.052608291,TRUE,TRUE,8707.900445,2.696707208,2.662449022,0.01270371
11646050,60,24/04/2023,698763000,2,4,60,93025,279075,30,1.00E-05,[1. 1.],[1. 1.],[1. 1.],[0.434  0.5681],[0.2366 0.6035],0.693989376,[0.5492 0.1831],0.341654436,TRUE,TRUE,6757.019562,0.842228678,0.78329555,0.069972835
11646069,79,24/04/2023,920039451,2,3,60,59536,178608,30,1.00E-05,[1. 1.],[1. 1.],[1. 1.],[0.6553 0.8768],[0.9601 0.9515],0.534708214,[0.148  0.1037],0.122647712,TRUE,TRUE,2169.079345,1.446601794,1.423592193,0.015905967
11646006,24,24/04/2023,279504144,2,6,60,182329,546987,30,1.00E-05,[1. 1.],[1. 1.],[1. 1.],[1.5622 2.716 ],[0.9378 0.8781],0.793150834,[0.321  0.1711],0.22583652,TRUE,TRUE,10007.41376,3.916819846,3.631462071,0.072854455
11646074,84,24/04/2023,978270216,2,3,60,59536,178608,30,1.00E-05,[1. 1.],[1. 1.],[1. 1.],[0.6833 1.3699],[0.9242 0.909 ],0.748746972,[0.5559 0.2399],0.345064037,TRUE,TRUE,2326.703505,1.700710353,1.56671094,0.078790261
11646064,74,24/04/2023,861808736,2,5,60,133956,401868,30,1.00E-05,[1. 1.],[1. 1.],[1. 1.],[0.4922 0.6395],[0.5337 0.4376],0.476731461,[0.0796 0.072 ],0.075305399,TRUE,TRUE,4857.672125,1.102636273,1.095796196,0.006203384
11644290,2,24/04/2023,23288580,2,6,60,182329,546987,30,1.00E-05,[1. 1.],[1. 1.],[1. 1.],[0.6283 0.4924],[0.4409 0.177 ],0.701073108,[0.162  0.4509],0.288933488,TRUE,TRUE,25253.00066,0.989210256,0.929621729,0.060238485
11646066,76,24/04/2023,885101016,2,5,60,133956,401868,30,1.00E-05,[1. 1.],[1. 1.],[1. 1.],[0.7305 0.4401],[0.4129 0.9796],0.443717757,[0.0474 0.0346],0.042587699,TRUE,TRUE,4962.036031,1.151279449,1.145187,0.005291894
11646076,86,24/04/2023,1001562536,2,4,60,93025,279075,30,1.00E-05,[1. 1.],[1. 1.],[1. 1.],[0.7845 0.3262],[0.8891 0.4193],0.4151065,[0.0214 0.1293],0.053089007,TRUE,TRUE,3340.892292,1.089657142,1.08471667,0.00453397
11646051,61,24/04/2023,710409111,2,5,60,133956,401868,30,1.00E-05,[1. 1.],[1. 1.],[1. 1.],[0.8095 0.2497],[0.662 0.233],0.458924193,[0.0216 0.2011],0.06391604,TRUE,TRUE,9040.746926,1.033559626,1.026959667,0.006385659
11646058,68,24/04/2023,791931944,2,4,60,93025,279075,30,1.00E-05,[1. 1.],[1. 1.],[1. 1.],[0.2508 0.3366],[0.1828 0.2862],0.63717964,[0.4714 0.2578],0.349,TRUE,TRUE,7920.162734,0.495321206,0.47216386,0.04675218
11646016,33,24/04/2023,384318528,2,5,60,133956,401868,30,1.00E-05,[1. 1.],[1. 1.],[1. 1.],[0.4544 1.6805],[0.3257 0.8821],0.660069243,[0.5332 0.0418],0.146391391,TRUE,TRUE,12415.87933,1.986297491,1.907483505,0.039678843
11646055,65,24/04/2023,756993575,2,6,60,182329,546987,30,1.00E-05,[1. 1.],[1. 1.],[1. 1.],[0.8212 0.374 ],[0.4013 0.6232],0.441061967,[0.029  0.0459],0.03428832,TRUE,TRUE,8874.597656,1.183749443,1.178978676,0.004030217
11646081,91,24/04/2023,1059793371,2,2,82,62001,186003,30,1.00E-05,[1. 1.],[1. 1.],[1. 1.],[0.4213 0.4612],[0.9743 0.6559],0.567791044,[0.1863 0.266 ],0.227951717,TRUE,TRUE,3035.105725,0.73622422,0.704280576,0.043388472
11645730,23,24/04/2023,267851790,2,3,72,85264,255792,30,1.00E-05,[1. 1.],[1. 1.],[1. 1.],[0.6635 0.1301],[0.7237 0.1092],0.702985189,[0.0832 0.9988],0.233300252,TRUE,TRUE,15454.80213,0.663454702,0.56012168,0.155749929
11646061,71,24/04/2023,826870331,2,6,60,182329,546987,30,1.00E-05,[1. 1.],[1. 1.],[1. 1.],[2.667  1.2579],[0.8364 0.9586],0.750141891,[0.1172 0.2595],0.162806046,TRUE,TRUE,9326.784721,3.66738907,3.497368676,0.046360065
11645367,21,24/04/2023,244552707,2,3,79,102400,307200,30,1.00E-05,[1. 1.],[1. 1.],[1. 1.],[0.6861 0.0932],[0.4738 0.123 ],0.735178089,[0.1863 0.9986],0.283446619,TRUE,TRUE,19641.30718,0.622634634,0.523670316,0.158944447
11646082,92,24/04/2023,1071439544,2,4,60,93025,279075,30,1.00E-05,[1. 1.],[1. 1.],[1. 1.],[1.5464 1.6753],[0.983  0.9165],0.850277867,[0.4657 0.4585],0.461955964,TRUE,TRUE,4624.745959,2.648815071,2.26583445,0.14458564
11645073,16,24/04/2023,186321168,2,2,137,171396,514188,30,1.00E-05,[1. 1.],[1. 1.],[1. 1.],[0.1918 0.2501],[0.4142 0.4475],0.510988661,[0.2573 0.1512],0.197251098,TRUE,TRUE,22196.26792,0.355914649,0.34433495,0.032535046
11646056,66,24/04/2023,768639696,2,5,60,133956,401868,30,1.00E-05,[1. 1.],[1. 1.],[1. 1.],[1.589  0.4206],[0.743  0.3753],0.651821543,[0.0545 0.5017],0.148096895,TRUE,TRUE,10877.05662,1.865749917,1.808437077,0.030718393
11646059,69,24/04/2023,803578071,2,4,60,93025,279075,30,1.00E-05,[1. 1.],[1. 1.],[1. 1.],[0.1382 1.1891],[0.2497 0.6546],0.59251953,[0.867  0.0384],0.124674783,TRUE,TRUE,10787.18388,1.211526468,1.18719101,0.020086608
11646065,75,24/04/2023,873454875,2,6,60,182329,546987,30,1.00E-05,[1. 1.],[1. 1.],[1. 1.],[1.191  0.8807],[0.397  0.8654],0.669627675,[0.1858 0.1144],0.155447159,TRUE,TRUE,9405.400341,1.933078289,1.866739,0.034317953
11646067,77,24/04/2023,896747159,2,5,60,133956,401868,30,1.00E-05,[1. 1.],[1. 1.],[1. 1.],[1.0906 0.5491],[0.5751 0.3061],0.738083262,[0.1596 0.6154],0.312237543,TRUE,TRUE,9085.788189,1.415660567,1.309705674,0.074844843
11646025,42,24/04/2023,489133050,2,6,60,182329,546987,30,1.00E-05,[1. 1.],[1. 1.],[1. 1.],[0.4613 0.5228],[0.3308 0.1928],0.684230742,[0.246  0.3381],0.294927833,TRUE,TRUE,15986.14992,0.870141508,0.827265837,0.049274365
11646085,95,24/04/2023,1106378075,2,4,60,93025,279075,30,1.00E-05,[1. 1.],[1. 1.],[1. 1.],[1.4725 1.1005],[0.7453 0.5702],0.976391655,[0.8184 0.9982],0.89530241,TRUE,TRUE,5294.53013,1.804968029,1.313112214,0.272501123
11646045,58,24/04/2023,675470610,2,6,60,182329,546987,30,1.00E-05,[1. 1.],[1. 1.],[1. 1.],[0.7158 1.1843],[0.183  0.8362],0.887933707,[0.9991 0.1882],0.493679827,TRUE,TRUE,16302.22169,1.562461703,1.246932657,0.201943539
11646079,89,24/04/2023,1036501031,2,6,60,182329,546987,30,1.00E-05,[1. 1.],[1. 1.],[1. 1.],[0.6389 1.4718],[0.4466 0.6653],0.607175945,[0.2058 0.0504],0.097438925,TRUE,TRUE,7650.761328,2.033588191,2.001181313,0.015935811
11646052,62,24/04/2023,722055224,2,2,108,106929,320787,30,1.00E-05,[1. 1.],[1. 1.],[1. 1.],[0.4529 0.8255],[0.6767 0.8551],0.81730094,[0.9673 0.2401],0.497725845,TRUE,TRUE,14212.67573,0.827668386,0.673717925,0.186005003
11646068,78,24/04/2023,908393304,2,6,60,182329,546987,30,1.00E-05,[1. 1.],[1. 1.],[1. 1.],[2.3051 0.3766],[0.6243 0.3507],0.79438503,[0.1176 0.9983],0.241279614,TRUE,TRUE,12156.20919,2.318687123,2.139365765,0.077337453
11646086,96,24/04/2023,1118024256,2,6,60,182329,546987,30,1.00E-05,[1. 1.],[1. 1.],[1. 1.],[1.1603 1.0363],[0.5931 0.5158],0.660886862,[0.1311 0.174 ],0.151339129,TRUE,TRUE,7728.158645,2.070361377,2.012690489,0.027855469
11646072,82,24/04/2023,954977904,2,6,60,182329,546987,30,1.00E-05,[1. 1.],[1. 1.],[1. 1.],[0.5718 1.5119],[0.2984 0.7845],0.640541601,[0.3448 0.0415],0.124730283,TRUE,TRUE,12218.51759,1.977332005,1.918168208,0.029921023
11646077,87,24/04/2023,1013208699,2,4,60,93025,279075,30,1.00E-05,[1. 1.],[1. 1.],[1. 1.],[0.5434 0.3722],[0.9146 0.186 ],0.648901934,[0.0819 0.505 ],0.253894124,TRUE,TRUE,11511.43608,0.794646217,0.742382887,0.065769306
11646031,47,24/04/2023,547363457,2,6,60,182329,546987,30,1.00E-05,[1. 1.],[1. 1.],[1. 1.],[1.1138 0.2562],[0.582  0.1603],0.585319945,[0.0299 0.4342],0.105507051,TRUE,TRUE,20711.25129,1.302197116,1.274900155,0.020962234
11646089,99,24/04/2023,1152962811,2,5,60,133956,401868,30,1.00E-05,[1. 1.],[1. 1.],[1. 1.],[0.7523 2.0747],[0.4701 0.9018],0.780192694,[0.7511 0.1076],0.278843385,TRUE,TRUE,8525.113915,2.494545749,2.262423597,0.093051872
11646054,64,24/04/2023,745347456,2,2,104,99225,297675,30,1.00E-05,[1. 1.],[1. 1.],[1. 1.],[0.07   0.3903],[0.1546 0.9064],0.441792687,[0.7878 0.0105],0.128707691,TRUE,TRUE,18269.60531,0.398931644,0.387062582,0.02975212
11646083,93,24/04/2023,1083085719,2,2,113,116964,350892,30,1.00E-05,[1. 1.],[1. 1.],[1. 1.],[0.2377 0.4531],[0.5402 0.6022],0.596237334,[0.4541 0.1411],0.248801361,TRUE,TRUE,11114.6041,0.535331348,0.506959466,0.052998732
11646046,59,24/04/2023,687116714,2,6,60,182329,546987,30,1.00E-05,[1. 1.],[1. 1.],[1. 1.],[0.7214 0.3478],[0.3968 0.1445],0.703996698,[0.1283 0.6017],0.282292256,TRUE,TRUE,22142.07513,0.939538618,0.880713112,0.062611056
11646070,80,24/04/2023,931685600,2,6,60,182329,546987,30,1.00E-05,[1. 1.],[1. 1.],[1. 1.],[0.78   0.4066],[0.6231 0.2431],0.487379085,[0.0268 0.134 ],0.06353312,TRUE,TRUE,16810.94553,1.162381445,1.153692895,0.007474784
11644122,100,24/04/2023,1164412200,2,6,60,182329,546987,30,1.00E-05,[1. 1.],[1. 1.],[1. 1.],[0.8426 1.2375],[0.5427 0.4221],0.747433539,[0.3149 0.264 ],0.284618403,TRUE,TRUE,14132.54375,1.841519657,1.724067536,0.063779998
11646080,90,24/04/2023,1048147200,2,5,60,133956,401868,30,1.00E-05,[1. 1.],[1. 1.],[1. 1.],[1.1297 0.3081],[0.7867 0.1908],0.610100445,[0.033  0.5068],0.134528571,TRUE,TRUE,18160.80016,1.34013757,1.290883778,0.036752788
11644730,9,24/04/2023,104802570,2,2,148,199809,599427,30,1.00E-05,[1. 1.],[1. 1.],[1. 1.],[0.2896 0.438 ],[0.3724 0.6703],0.715547174,[0.7102 0.1326],0.362496866,TRUE,TRUE,37465.25465,0.490405033,0.427069697,0.129149035
11645107,17,24/04/2023,197966819,2,3,120,234256,702768,30,1.00E-05,[1. 1.],[1. 1.],[1. 1.],[0.3187 0.2041],[0.1913 0.3615],0.743492316,[0.4764 0.4378],0.461330643,TRUE,FALSE,39568.47872,0.36121513,0.323303043,0.104957084
11645366,20,24/04/2023,232907320,2,6,60,182329,546987,30,1.00E-05,[1. 1.],[1. 1.],[1. 1.],[1.7055 1.2036],[0.87   0.3061],0.982025859,[0.7765 0.9989],0.868514932,TRUE,FALSE,39547.90691,2.265752213,1.548624117,0.316507733
11646007,25,24/04/2023,291150175,2,4,87,193600,580800,30,1.00E-05,[1. 1.],[1. 1.],[1. 1.],[0.0949 0.152 ],[0.1041 0.1447],0.490644283,[0.3118 0.1591],0.21779271,TRUE,TRUE,35549.58277,0.222160236,0.218156697,0.018020952
11645569,22,24/04/2023,256202518,2,2,132,159201,477603,30,1.00E-05,[1. 1.],[1. 1.],[1. 1.],[0.6866 0.7271],[0.8637 0.6553],0.952345404,[0.6626 0.9652],0.818234477,TRUE,FALSE,39570.10391,0.746281114,0.473414402,0.365635292
11646015,32,24/04/2023,372672480,2,2,141,181476,544428,30,1.00E-05,[1. 1.],[1. 1.],[1. 1.],[0.363  0.7797],[0.3994 0.9004],0.887327251,[0.9971 0.3135],0.530658309,TRUE,FALSE,39567.56911,0.710339873,0.467487667,0.341881704
11646026,43,24/04/2023,500779118,2,6,60,182329,546987,30,1.00E-05,[1. 1.],[1. 1.],[1. 1.],[3.8321 1.0837],[0.823  0.8515],0.988139758,[0.8739 0.9975],0.901147919,TRUE,FALSE,39561.99111,3.666578292,2.615844374,0.286570703
11646024,41,24/04/2023,477486984,2,2,134,164025,492075,30,1.00E-05,[1. 1.],[1. 1.],[1. 1.],[0.5549 0.1205],[0.7557 0.2126],0.650571583,[0.0437 0.9978],0.213923645,TRUE,FALSE,39577.51849,0.515667569,0.445302284,0.136454742
11646038,52,24/04/2023,605593976,2,4,60,93025,279075,30,1.00E-05,[1. 1.],[1. 1.],[1. 1.],[0.0654 1.265 ],[0.1085 0.5295],0.747914102,[0.9986 0.1742],0.214725977,TRUE,FALSE,39556.50794,1.145832406,0.999945874,0.127319258
11646039,53,24/04/2023,617240067,2,2,158,227529,682587,30,1.00E-05,[1. 1.],[1. 1.],[1. 1.],[0.2179 0.3824],[0.3841 0.4993],0.666576012,[0.6003 0.1476],0.311923388,TRUE,FALSE,39585.63502,0.414131803,0.376568103,0.090704697
11646042,55,24/04/2023,640532310,2,2,172,269361,808083,30,1.00E-05,[1. 1.],[1. 1.],[1. 1.],[0.3118 0.7109],[0.2871 0.931 ],0.924781432,[0.9974 0.3895],0.574836091,TRUE,FALSE,39586.76132,0.668859556,0.333431453,0.501492578
11649341,9,24/04/2023,104844069,2,6,90,405769,1217307,30,1.00E-05,[1. 1.],[1. 1.],[1. 1.],[0.91847318 1.70308799],[0.97352364 0.97211339],0.449232687,[0.00385688 0.00115598],0.00210225,TRUE,TRUE,15769.35219,2.669865724,2.617694247,0.019540862
11649334,2,24/04/2023,23298668,2,6,90,405769,1217307,30,1.00E-05,[1. 1.],[1. 1.],[1. 1.],[0.76332482 1.2731806 ],[0.70566658 0.79439685],0.447401406,[0.0095816 0.0030258],0.005483051,TRUE,TRUE,16054.6693,2.050839349,2.02682153,0.011711214
11649339,7,25/04/2023,81545373,2,8,90,670761,2012283,30,1.00E-05,[1. 1.],[1. 1.],[1. 1.],[2.38379069 2.90716121],[0.84369215 0.99712132],0.717622663,[0.04024063 0.01980588],0.029012572,FALSE,FALSE,28806.92813,5.264656813,91.55282426,16.39008401
11663375,3,25/04/2023,34990126,2,4,90,207025,621075,30,1.00E-05,[1. 1.],[1. 1.],[1. 1.],[0.64017682 0.56825808],[0.73850487 0.72037652],0.413922517,[0.01825792 0.02321738],0.020590071,TRUE,TRUE,7112.325639,1.189482441,1.186125962,0.002821798
11663352,30,25/04/2023,349900561,2,5,90,298116,894348,30,1.00E-05,[1. 1.],[1. 1.],[1. 1.],[0.72174125 0.60994517],[0.74615901 0.5634131 ],0.409972999,[0.00807733 0.01714501],0.012230551,TRUE,TRUE,10440.76463,1.322641035,1.318549888,0.003093165
11663292,20,25/04/2023,233265842,2,4,97,240100,720300,30,1.00E-05,[1. 1.],[1. 1.],[1. 1.],[0.50924249 0.82653797],[0.65898138 0.76624333],0.462865206,[0.04648683 0.01536759],0.027231244,TRUE,TRUE,10792.57468,1.302325256,1.294596353,0.005934695
11663326,4,25/04/2023,46653305,2,4,90,207025,621075,30,1.00E-05,[1. 1.],[1. 1.],[1. 1.],[0.44926892 0.95048784],[0.89821325 0.75626877],0.439248229,[0.03249593 0.01185728],0.018481508,TRUE,TRUE,11018.45236,1.375644438,1.370967996,0.003399456
11663391,19,25/04/2023,221604430,2,5,90,298116,894348,30,1.00E-05,[1. 1.],[1. 1.],[1. 1.],[0.45274073 1.50357872],[0.74061806 0.83956548],0.480440461,[0.04334932 0.00419722],0.013257985,TRUE,TRUE,12134.46113,1.941139451,1.929468661,0.00601234
11663367,44,25/04/2023,513188150,2,4,97,240100,720300,30,1.00E-05,[1. 1.],[1. 1.],[1. 1.],[1.27670316 0.44649718],[0.94636841 0.63752016],0.512355182,[0.00799134 0.10536759],0.033222433,TRUE,TRUE,13055.12506,1.670916852,1.656427771,0.008671336
11663400,28,25/04/2023,326575201,2,5,90,298116,894348,30,1.00E-05,[1. 1.],[1. 1.],[1. 1.],[0.86792955 1.13330173],[0.63587583 0.90495459],0.523453106,[0.03844031 0.013157  ],0.024122316,TRUE,TRUE,14014.20412,1.96431959,1.949133032,0.007731205
11663393,21,25/04/2023,244931254,2,7,90,529984,1589952,30,1.00E-05,[1. 1.],[1. 1.],[1. 1.],[1.84192005 0.34006623],[0.92252665 0.19923884],0.529061522,[0.00104664 0.15414778],0.02490771,FALSE,FALSE,17062.07514,2.17514709,60.91876698,27.00673447
11663398,26,25/04/2023,303248350,2,8,90,670761,2012283,30,1.00E-05,[1. 1.],[1. 1.],[1. 1.],[1.98714412 1.81761476],[0.83199148 0.63996125],0.653576735,[0.01603721 0.03060661],0.022997324,FALSE,FALSE,17080.19103,3.786801889,79.93123708,20.10784758
11663394,22,25/04/2023,256594669,2,7,90,529984,1589952,30,1.00E-05,[1. 1.],[1. 1.],[1. 1.],[1.36321435 1.64925049],[0.89762318 0.93914674],0.467829888,[0.00192014 0.00120175],0.00152684,TRUE,FALSE,17084.77686,3.091047403,3.01546015,0.024453605
11663395,23,25/04/2023,268258086,2,6,90,405769,1217307,30,1.00E-05,[1. 1.],[1. 1.],[1. 1.],[0.60888203 1.41314161],[0.99714284 0.6218759 ],0.480501988,[0.01051113 0.00546839],0.006986884,TRUE,FALSE,17106.1022,2.020362228,2.001799012,0.009188063
11663387,15,25/04/2023,174950806,2,7,90,529984,1589952,30,1.00E-05,[1. 1.],[1. 1.],[1. 1.],[1.61887863 2.06841594],[0.69304861 0.98625025],0.633304715,[0.03293621 0.01071517],0.020471146,FALSE,FALSE,17110.56628,3.674836755,75.5419888,19.55655634
11663405,33,25/04/2023,384892366,2,4,108,297025,891075,30,1.00E-05,[1. 1.],[1. 1.],[1. 1.],[0.84094843 0.94800355],[0.79536012 0.85330013],0.542075676,[0.03450935 0.02360647],0.028731687,TRUE,FALSE,17074.903,1.719751691,1.698709155,0.012235799
11663386,14,25/04/2023,163287405,2,5,97,345744,1037232,30,1.00E-05,[1. 1.],[1. 1.],[1. 1.],[0.36586684 0.58742947],[0.27693126 0.76180732],0.418449317,[0.0587096  0.00600466],0.026232354,FALSE,FALSE,17154.78963,0.937286799,52.14237557,54.63118525
11663378,6,25/04/2023,69980269,2,9,90,828100,2484300,30,1.00E-05,[1. 1.],[1. 1.],[1. 1.],[1.9610942  0.98691228],[0.83816563 0.49812314],0.480111898,[0.00054903 0.0054877 ],0.002202361,FALSE,FALSE,17198.71909,3.029295813,56.27828969,17.57801059
11663406,34,25/04/2023,396555805,2,7,159,1638400,4915200,30,1.00E-05,[1. 1.],[1. 1.],[1. 1.],[0.78147024 0.9969657 ],[0.3721952  0.42405295],0.635809331,[0.04235583 0.01801441],0.028710377,FALSE,FALSE,17106.54149,1.561501046,69.93348277,43.78606207
11663412,40,25/04/2023,466536481,2,7,100,652864,1958592,30,1.00E-05,[1. 1.],[1. 1.],[1. 1.],[0.65347479 0.24844235],[0.47346736 0.14595367],0.440341408,[0.00428717 0.08129139],0.025498776,FALSE,FALSE,17120.77258,0.89530405,54.12098937,59.44984309
11663384,12,25/04/2023,139960609,2,8,114,1071225,3213675,30,1.00E-05,[1. 1.],[1. 1.],[1. 1.],[2.66494297 2.6655115 ],[0.94662951 0.7997847 ],0.768497173,[0.02835623 0.04245187],0.035404801,FALSE,FALSE,17197.31986,4.890264158,105.1944326,20.51099189
11663410,38,25/04/2023,443209581,2,4,122,378225,1134675,30,1.00E-05,[1. 1.],[1. 1.],[1. 1.],[0.45277467 0.31676172],[0.54040646 0.40370975],0.405617086,[0.01404429 0.04390407],0.026335374,FALSE,FALSE,17145.54046,0.748542364,47.19052613,62.04322691
11663396,24,25/04/2023,279921505,2,7,93,565504,1696512,30,1.00E-05,[1. 1.],[1. 1.],[1. 1.],[1.18261016 1.06026096],[0.46427623 0.70365261],0.579144058,[0.03211114 0.01916306],0.025990258,FALSE,FALSE,17220.7806,2.20185717,69.3092435,30.47762918
11663402,30,25/04/2023,349902061,2,3,185,553536,1660608,30,1.00E-05,[1. 1.],[1. 1.],[1. 1.],[0.18253686 0.66358257],[0.48203812 0.61004629],0.488811654,[0.17913026 0.00453825],0.042203711,FALSE,FALSE,17182.77458,0.75396899,53.17900611,69.53208661
11663374,2,25/04/2023,23326750,2,3,226,824464,2473392,30,1.00E-05,[1. 1.],[1. 1.],[1. 1.],[0.13506141 1.066391  ],[0.29768016 0.78477768],0.604185958,[9.96419753e-01 4.05587448e-04],0.112372632,FALSE,FALSE,17286.36819,0.803313258,58.58392726,71.92787299
11663409,37,25/04/2023,431546134,2,4,170,731025,2193075,30,1.00E-05,[1. 1.],[1. 1.],[1. 1.],[0.13600939 0.49172147],[0.20764656 0.4643763 ],0.428472531,[0.16828086 0.00328   ],0.03903046,FALSE,FALSE,17196.64455,0.59232018,47.6712735,79.48227147
11663373,1,25/04/2023,11663374,2,10,90,1002001,3006003,30,1.00E-05,[1. 1.],[1. 1.],[1. 1.],[1.6953861  2.16097896],[0.53097536 0.66593832],0.643797936,[0.0242155  0.01041896],0.01648438,FALSE,FALSE,17304.99814,3.892584999,77.50370051,18.91059939
11663401,29,25/04/2023,338238630,2,6,143,1016064,3048192,30,1.00E-05,[1. 1.],[1. 1.],[1. 1.],[0.94250184 0.7108745 ],[0.36649016 0.706119  ],0.596405375,[0.03149519 0.01388106],0.023921941,FALSE,FALSE,17220.40624,1.529993,71.73216176,45.88398038
11663376,4,25/04/2023,46653505,2,9,90,828100,2484300,30,1.00E-05,[1. 1.],[1. 1.],[1. 1.],[2.61260204 1.35822917],[0.66920811 0.80740811],0.620692138,[0.0064486  0.01515632],0.009427094,FALSE,FALSE,17323.95618,4.030598118,80.29705859,18.9218717
11663392,20,25/04/2023,233267841,2,8,138,1565001,4695003,30,1.00E-05,[1. 1.],[1. 1.],[1. 1.],[1.12448174 0.78326051],[0.43280529 0.32301217],0.627873449,[0.01369256 0.05230465],0.029545505,FALSE,FALSE,17302.71771,1.788024413,70.47980698,38.41769837
11663415,43,25/04/2023,501526846,2,5,232,1954404,5863212,30,1.00E-05,[1. 1.],[1. 1.],[1. 1.],[1.09846572 1.62186867],[0.54176107 0.88933459],0.770254233,[0.13367521 0.00511772],0.057028985,FALSE,FALSE,17268.29216,1.595013372,89.35598048,55.02208862
11663390,18,25/04/2023,209941021,2,6,150,1117249,3351747,30,1.00E-05,[1. 1.],[1. 1.],[1. 1.],[2.04430318 1.25347492],[0.95443742 0.55822502],0.731226447,[0.00699022 0.11063407],0.046384913,FALSE,FALSE,17345.44639,2.8417751,87.79277061,29.89363779
11663411,39,25/04/2023,454873030,2,8,90,670761,2012283,30,1.00E-05,[1. 1.],[1. 1.],[1. 1.],[0.55936282 1.97306235],[0.27880372 0.79166777],0.562322743,[0.09507587 0.00227176],0.022770362,FALSE,FALSE,17288.14167,2.533606886,63.89825149,24.22027069
11663403,31,25/04/2023,361565494,2,5,135,665856,1997568,30,1.00E-05,[1. 1.],[1. 1.],[1. 1.],[0.64441413 1.40504809],[0.84556722 0.6000707 ],0.620715925,[0.04466609 0.01585126],0.024911532,FALSE,FALSE,17363.61778,1.891530307,74.10535061,38.17745876
11663408,36,25/04/2023,419882689,2,6,133,879844,2639532,30,1.00E-05,[1. 1.],[1. 1.],[1. 1.],[1.79565846 0.28427556],[0.8834604  0.16451168],0.626754133,[0.00045934 0.45691275],0.062845239,FALSE,FALSE,17375.78051,2.013436673,71.10905751,34.31725556
11663407,35,25/04/2023,408219246,2,8,183,2742336,8227008,30,1.00E-05,[1. 1.],[1. 1.],[1. 1.],[0.61941212 2.24308224],[0.24706342 0.64796188],0.746105998,[0.40565929 0.00105316],0.08860545,FALSE,FALSE,17392.13821,2.087842578,88.34324106,41.31317149
11663417,45,25/04/2023,524853767,2,4,182,837225,2511675,30,1.00E-05,[1. 1.],[1. 1.],[1. 1.],[1.48029521 0.49408255],[0.93756372 0.45490662],0.666248216,[0.00184574 0.30463715],0.077618447,FALSE,FALSE,17409.65228,1.602644867,67.4431699,41.08241718
11663418,46,25/04/2023,536517229,2,4,225,1276900,3830700,30,1.00E-05,[1. 1.],[1. 1.],[1. 1.],[0.16600065 0.28927119],[0.17955417 0.3802085 ],0.421334558,[0.08076881 0.00517254],0.032736356,FALSE,FALSE,17412.04849,0.411209818,49.74382542,119.9694498
11663414,42,25/04/2023,489863389,2,3,194,608400,1825200,30,1.00E-05,[1. 1.],[1. 1.],[1. 1.],[0.2993365  0.63315997],[0.35194397 0.89464769],0.519414353,[0.16297694 0.00209613],0.053739755,FALSE,FALSE,17429.41584,0.816125758,55.64018485,67.17599406
11663380,8,25/04/2023,93307041,2,2,291,767376,2302128,30,1.00E-05,[1. 1.],[1. 1.],[1. 1.],[0.52768448 0.24522346],[0.68739545 0.71698363],0.554839409,[0.0078151  0.11350747],0.041348521,FALSE,FALSE,17625.27543,0.474125337,54.39956647,113.7366786
11663413,41,25/04/2023,478199934,2,6,169,1416100,4248300,30,1.00E-05,[1. 1.],[1. 1.],[1. 1.],[1.04129592 1.7607829 ],[0.45462678 0.85659285],0.72433449,[0.12753681 0.00494999],0.050505154,FALSE,FALSE,17625.1665,2.314142564,85.93264979,36.1336888
11663383,11,25/04/2023,128297215,2,3,276,1227664,3682992,30,1.00E-05,[1. 1.],[1. 1.],[1. 1.],[0.78615107 1.11061102],[0.86778101 0.85800004],0.733450317,[0.06603303 0.01564097],0.036526967,FALSE,FALSE,17691.30269,1.11010335,74.57330484,66.17690279
11663416,44,25/04/2023,513190306,2,9,137,1904400,5713200,30,1.00E-05,[1. 1.],[1. 1.],[1. 1.],[2.57072284 2.05016524],[0.76071113 0.56674537],0.777422692,[0.01694275 0.06399697],0.037819455,FALSE,FALSE,17866.77207,3.789811788,104.9752999,26.69934386
11663385,13,25/04/2023,151624006,2,9,187,3534400,10603200,30,1.00E-05,[1. 1.],[1. 1.],[1. 1.],[2.83593668 1.4279004 ],[0.60431811 0.54806805],0.810902444,[0.01052613 0.1202909 ],0.047284842,FALSE,FALSE,17955.98705,2.953356048,114.4937493,37.76733706
11663302,30,25/04/2023,349899061,2,5,90,298116,894348,30,1.00E-05,[1. 1.],[1. 1.],[1. 1.],[0.32275784 0.95700745],[0.35970815 0.83455111],0.408802034,[0.05999953 0.00285088],0.017263817,TRUE,TRUE,18245.54437,1.270009032,1.264409241,0.004409253
11663306,34,25/04/2023,396552405,2,7,90,529984,1589952,30,1.00E-05,[1. 1.],[1. 1.],[1. 1.],[1.02338552 0.45251543],[0.54635452 0.43520769],0.416126451,[0.00288034 0.01588714],0.006868259,TRUE,TRUE,20367.84051,1.481274219,1.469804449,0.007743178
11663290,18,25/04/2023,209939221,2,6,90,405769,1217307,30,1.00E-05,[1. 1.],[1. 1.],[1. 1.],[1.63404876 0.70187597],[0.72763353 0.66690281],0.549690682,[0.00902682 0.04559554],0.020014633,TRUE,TRUE,21078.20275,2.307148763,2.285288381,0.009475064
11663347,25,25/04/2023,291583676,2,6,90,405769,1217307,30,1.00E-05,[1. 1.],[1. 1.],[1. 1.],[1.84937807 0.65046545],[0.94516985 0.50436469],0.541055831,[0.00353091 0.06555806],0.019670527,TRUE,TRUE,22460.59206,2.486592885,2.454022013,0.013098594
11663348,26,25/04/2023,303247049,2,5,99,360000,1080000,30,1.00E-05,[1. 1.],[1. 1.],[1. 1.],[1.21742214 0.52189625],[0.72578794 0.53933913],0.529007747,[0.01037402 0.07712162],0.030402162,TRUE,TRUE,22960.38756,1.691962301,1.677655503,0.008455743
11663359,37,25/04/2023,431544284,2,6,90,405769,1217307,30,1.00E-05,[1. 1.],[1. 1.],[1. 1.],[1.37640404 0.32947722],[0.82748296 0.34349816],0.437090717,[0.00130749 0.0562246 ],0.011914288,TRUE,TRUE,26171.70797,1.706866144,1.692748067,0.008271344
11663273,1,25/04/2023,11663274,2,7,90,529984,1589952,30,1.00E-05,[1. 1.],[1. 1.],[1. 1.],[1.3009201 0.5882784],[0.73327492 0.38484944],0.471816696,[0.0026366  0.02943798],0.010982296,TRUE,TRUE,29003.16307,1.895127459,1.874000392,0.011148098
11663298,26,25/04/2023,303245750,2,6,90,405769,1217307,30,1.00E-05,[1. 1.],[1. 1.],[1. 1.],[0.36914374 1.92013618],[0.37602184 0.93237733],0.506851074,[0.10215746 0.00145826],0.01769589,TRUE,TRUE,29256.95937,2.28478727,2.258255891,0.011612188
11663346,24,25/04/2023,279920305,2,6,90,405769,1217307,30,1.00E-05,[1. 1.],[1. 1.],[1. 1.],[0.22920325 1.37088852],[0.35954159 0.5827757 ],0.498305129,[0.14230046 0.00481236],0.024506681,TRUE,TRUE,29910.56692,1.574482536,1.566784465,0.00488927
11663284,12,25/04/2023,139959409,2,2,172,269361,808083,30,1.00E-05,[1. 1.],[1. 1.],[1. 1.],[0.38239826 0.48463669],[0.87511198 0.98611704],0.464215131,[0.04542431 0.01750964],0.029821168,TRUE,TRUE,30362.94975,0.786038197,0.770530216,0.019729297
11663332,10,25/04/2023,116633321,2,8,90,670761,2012283,30,1.00E-05,[1. 1.],[1. 1.],[1. 1.],[0.94798592 0.52596734],[0.45419201 0.28730027],0.489739426,[0.00838205 0.03923685],0.019392318,FALSE,FALSE,34173.6875,1.466482467,55.6611232,36.95553268
11663333,11,25/04/2023,128296664,2,4,147,547600,1642800,30,1.00E-05,[1. 1.],[1. 1.],[1. 1.],[0.70514762 0.15191865],[0.67432723 0.19183909],0.45940301,[0.0014755  0.25888304],0.047102083,FALSE,FALSE,34196.59818,0.815774021,51.50659436,62.13831162
11663354,32,25/04/2023,373227329,2,9,90,828100,2484300,30,1.00E-05,[1. 1.],[1. 1.],[1. 1.],[3.80908738 1.61535517],[0.99954699 0.88999685],0.625091773,[0.00160029 0.01101966],0.004405301,TRUE,FALSE,34178.64577,5.651498144,5.435752436,0.038174959
11663350,28,25/04/2023,326573801,2,10,102,1283689,3851067,30,1.00E-05,[1. 1.],[1. 1.],[1. 1.],[0.7349043  5.80466371],[0.37543569 0.9846273 ],0.785276079,[0.65442286 0.0020674 ],0.075377876,FALSE,FALSE,34224.61922,6.542486557,111.220321,15.99970188
11663360,38,25/04/2023,443207681,2,8,90,670761,2012283,30,1.00E-05,[1. 1.],[1. 1.],[1. 1.],[1.65902343 0.26616304],[0.50589502 0.3644226 ],0.501219003,[0.00241664 0.06804642],0.011490159,TRUE,FALSE,34236.64337,1.923291185,1.907605999,0.008155389
11663329,7,25/04/2023,81643304,2,5,154,864900,2594700,30,1.00E-05,[1. 1.],[1. 1.],[1. 1.],[0.67117292 1.45724369],[0.68103152 0.63928779],0.653000791,[0.0742131 0.0120591],0.031658682,FALSE,FALSE,34283.39543,1.901340259,75.80382229,38.86862528
11663353,31,25/04/2023,361563944,2,8,90,670761,2012283,30,1.00E-05,[1. 1.],[1. 1.],[1. 1.],[0.56920591 1.05974151],[0.31965735 0.65360159],0.425257848,[0.01383141 0.00149597],0.005806361,TRUE,FALSE,34262.29154,1.64323793,1.623870156,0.011786348
11663339,17,25/04/2023,198276764,2,8,91,685584,2056752,30,1.00E-05,[1. 1.],[1. 1.],[1. 1.],[2.26501064 1.16153522],[0.77795322 0.49594592],0.656695005,[0.01120995 0.07939726],0.034324176,FALSE,FALSE,34297.37883,3.377585931,77.38593465,21.9116109
11663340,18,25/04/2023,209940122,2,6,90,405769,1217307,30,1.00E-05,[1. 1.],[1. 1.],[1. 1.],[2.17765592 0.13006354],[0.87685006 0.17136989],0.540410404,[0.00076005 0.443615  ],0.025719445,FALSE,FALSE,34291.68256,2.298205002,59.38418383,24.83937629
11663341,19,25/04/2023,221603480,2,10,90,1002001,3006003,30,1.00E-05,[1. 1.],[1. 1.],[1. 1.],[1.08546117 1.8669176 ],[0.71495125 0.68664953],0.423711093,[0.00045369 0.00017698],0.000278716,TRUE,FALSE,34287.90191,3.047296662,2.953654726,0.030729511
11663355,33,25/04/2023,384890716,2,2,318,915849,2747547,30,1.00E-05,[1. 1.],[1. 1.],[1. 1.],[0.03926766 0.54443201],[0.19050752 0.66363293],0.513251269,[9.96188823e-01 4.11675625e-04],0.067401322,FALSE,FALSE,34288.56654,0.35621923,50.19677177,139.91539
11663363,40,25/04/2023,466534521,2,5,115,484416,1453248,30,1.00E-05,[1. 1.],[1. 1.],[1. 1.],[1.32880184 0.53858429],[0.90781926 0.3867281 ],0.571279729,[0.00434088 0.13284086],0.041402348,FALSE,FALSE,34298.98086,1.791026303,63.01839057,34.18563098
11663365,42,25/04/2023,489861331,2,8,90,670761,2012283,30,1.00E-05,[1. 1.],[1. 1.],[1. 1.],[3.31961859 0.23911846],[0.89327609 0.22322817],0.59842664,[0.00057686 0.30302065],0.020898648,FALSE,FALSE,34305.19709,3.60761595,70.38159217,18.50916981
11663343,21,25/04/2023,244930204,2,10,90,1002001,3006003,30,1.00E-05,[1. 1.],[1. 1.],[1. 1.],[0.90876854 0.89155388],[0.24741718 0.54578621],0.530654338,[0.02293679 0.00706347],0.015076021,FALSE,FALSE,34325.45371,1.802572856,66.42606576,35.85069679
11663344,22,25/04/2023,256593569,2,3,189,577600,1732800,30,1.00E-05,[1. 1.],[1. 1.],[1. 1.],[0.18537265 0.62341779],[0.29456127 0.75748903],0.484107831,[0.25496351 0.00163261],0.05969539,FALSE,FALSE,34326.16597,0.735459182,51.03308661,68.38942072
11663324,2,25/04/2023,23326649,2,2,194,342225,1026675,30,1.00E-05,[1. 1.],[1. 1.],[1. 1.],[0.35928341 0.35254241],[0.89743389 0.70853156],0.448956477,[0.01948556 0.03821124],0.028759732,FALSE,FALSE,34356.27621,0.638980661,47.8701738,73.91646735
11663371,48,25/04/2023,559841809,2,3,184,547600,1642800,30,1.00E-05,[1. 1.],[1. 1.],[1. 1.],[0.54705272 0.09009176],[0.87763343 0.13463624],0.430825499,[2.06607115e-04 4.29665189e-01],0.060931734,FALSE,FALSE,34315.59882,0.594142054,50.89137062,84.65522387
11663320,50,25/04/2023,583166001,2,4,203,1040400,3121200,30,1.00E-05,[1. 1.],[1. 1.],[1. 1.],[0.50955149 0.19770675],[0.44496795 0.24989143],0.484078152,[0.0044924  0.13250095],0.040275869,FALSE,FALSE,34321.21243,0.645578253,51.14494827,78.22346832
11663357,35,25/04/2023,408217496,2,10,90,1002001,3006003,30,1.00E-05,[1. 1.],[1. 1.],[1. 1.],[2.04867418 0.97341742],[0.6798993 0.8493415],0.415928721,[0.00010275 0.00026013],0.000153439,TRUE,FALSE,34357.14764,3.124626344,3.023506776,0.032362131
11663362,39,25/04/2023,454871119,2,5,130,617796,1853388,30,1.00E-05,[1. 1.],[1. 1.],[1. 1.],[0.95438579 0.83443309],[0.99060156 0.42307984],0.587144682,[0.00666874 0.05888171],0.031024605,FALSE,FALSE,34375.65149,1.695873368,69.28126844,39.85285479
11663342,20,25/04/2023,233266841,2,7,117,891136,2673408,30,1.00E-05,[1. 1.],[1. 1.],[1. 1.],[1.89475275 1.09256079],[0.56618328 0.80169881],0.672763303,[0.02184445 0.03376641],0.02620471,FALSE,FALSE,34459.26492,2.850457698,85.95582923,29.15509729
11663368,45,25/04/2023,524851561,2,7,144,1345600,4036800,30,1.00E-05,[1. 1.],[1. 1.],[1. 1.],[2.27064988 1.82015322],[0.65955345 0.95998003],0.762677185,[0.03805151 0.02456438],0.032050575,FALSE,FALSE,34466.34254,3.54192738,104.0537406,28.37771711
11663356,34,25/04/2023,396554105,2,10,97,1162084,3486252,30,1.00E-05,[1. 1.],[1. 1.],[1. 1.],[1.12735072 3.63163993],[0.50949142 0.71544955],0.728872329,[0.14150627 0.00867511],0.040141296,FALSE,FALSE,34488.5124,4.694971235,99.9679923,20.29256758
11663369,46,25/04/2023,536514975,2,7,128,1065024,3195072,30,1.00E-05,[1. 1.],[1. 1.],[1. 1.],[3.47915316 0.93659434],[0.94450869 0.58329857],0.755606374,[0.00415952 0.29087498],0.064972798,FALSE,FALSE,34499.21285,4.140687543,98.64132366,22.82245041
11663335,13,25/04/2023,151623356,2,5,176,1127844,3383532,30,1.00E-05,[1. 1.],[1. 1.],[1. 1.],[0.81404379 1.73000084],[0.71830902 0.71364262],0.711492345,[0.09625031 0.01075698],0.038113148,FALSE,FALSE,34598.27711,1.928818414,83.94351884,42.52069549
11663345,23,25/04/2023,268256936,2,6,184,1677025,5031075,30,1.00E-05,[1. 1.],[1. 1.],[1. 1.],[1.33510832 2.22957506],[0.73454407 0.7818427 ],0.778215667,[0.08622256 0.01366802],0.04084243,FALSE,FALSE,34596.81308,2.512835082,98.05330469,38.02098685
11663336,14,25/04/2023,163286705,2,5,198,1425636,4276908,30,1.00E-05,[1. 1.],[1. 1.],[1. 1.],[0.35954263 0.89666831],[0.38334048 0.43454127],0.600280465,[0.10560185 0.00757837],0.035633862,FALSE,FALSE,34844.33794,1.048063265,65.81871416,61.80032547
11663366,43,25/04/2023,501524739,2,4,214,1155625,3466875,30,1.00E-05,[1. 1.],[1. 1.],[1. 1.],[0.92275001 0.47222031],[0.90502686 0.3146531 ],0.630086971,[0.00113918 0.18741292],0.06419589,FALSE,FALSE,34995.05501,1.187916107,69.21180186,57.26320684
11663984,49,25/04/2023,571535217,2,5,223,1806336,5419008,30,1.00E-05,[1. 1.],[1. 1.],[1. 1.],[0.91594725 1.61027182],[0.86471309 0.59642632],0.751823403,[0.04201662 0.02068653],0.028420314,FALSE,FALSE,17458.19124,1.681085087,92.62116848,54.09606218
11663372,49,25/04/2023,571505229,2,4,267,1795600,5386800,30,1.00E-05,[1. 1.],[1. 1.],[1. 1.],[1.92463975 0.58331619],[0.84625385 0.69653143],0.777941002,[0.00194052 0.56652265],0.133254587,FALSE,FALSE,35198.05372,1.412471045,88.28605555,61.50468345
11663338,16,25/04/2023,186613409,2,10,118,1713481,5140443,30,1.00E-05,[1. 1.],[1. 1.],[1. 1.],[1.08916452 1.06973593],[0.43313576 0.28202097],0.630771077,[0.01607174 0.03651537],0.026201568,FALSE,FALSE,35275.58998,2.11319673,77.40976918,35.63159614
11663337,15,25/04/2023,174950056,2,2,355,1140624,3421872,30,1.00E-05,[1. 1.],[1. 1.],[1. 1.],[0.38122137 0.29846841],[0.65441798 0.53387741],0.57079647,[0.01179117 0.06669332],0.035900051,FALSE,FALSE,35305.92493,0.391845754,52.06738884,131.8772566
11663358,36,25/04/2023,419880889,2,9,227,5198400,15595200,30,1.00E-05,[1. 1.],[1. 1.],[1. 1.],[4.2535126  0.41257976],[0.79772075 0.18010532],0.846983515,[4.01620206e-04 9.97959629e-01],0.088606527,FALSE,FALSE,35294.85633,2.596845697,121.3951052,45.7471384
11663351,29,25/04/2023,338237181,2,3,362,2108304,6324912,30,1.00E-05,[1. 1.],[1. 1.],[1. 1.],[0.57340451 0.52002664],[0.87421209 0.37468392],0.681272532,[0.00198071 0.10951678],0.053123955,FALSE,FALSE,35379.68714,0.646406009,70.54665491,108.136756
11663325,3,25/04/2023,34989976,2,5,215,1679616,5038848,30,1.00E-05,[1. 1.],[1. 1.],[1. 1.],[0.27914185 1.05393876],[0.15888801 0.7615068 ],0.628172819,[4.01693618e-01 1.93268348e-04],0.084265866,FALSE,FALSE,35960.1021,1.176081848,71.38828258,59.70009726
11663319,47,26/04/2023,548175995,2,10,90,1002001,3006003,30,1.00E-05,[1. 1.],[1. 1.],[1. 1.],[1.51486138 3.50950502],[0.95868547 0.87227531],0.560353573,[0.0019507  0.00046208],0.000910904,TRUE,TRUE,56837.77838,5.288217647,5.030529356,0.04872876
11663321,48,26/04/2023,559839409,2,6,108,582169,1746507,30,1.00E-05,[1. 1.],[1. 1.],[1. 1.],[1.37601593 0.349955  ],[0.59574792 0.34800107],0.5525572,[0.00553171 0.14708666],0.034233154,TRUE,TRUE,61454.72458,1.674859432,1.658758548,0.009613274
11663315,43,26/04/2023,501522547,2,7,114,846400,2539200,30,1.00E-05,[1. 1.],[1. 1.],[1. 1.],[1.44049564 1.06190929],[0.68092327 0.45293572],0.637143847,[0.01347583 0.05591343],0.031484458,TRUE,FALSE,70150.3933,2.412005285,2.357977791,0.022399409
11663285,13,26/04/2023,151622706,2,8,119,1166400,3499200,30,1.00E-05,[1. 1.],[1. 1.],[1. 1.],[4.21734773 1.86180781],[0.94033358 0.99488398],0.794541297,[0.01549563 0.09578282],0.040084457,FALSE,FALSE,70194.37018,5.790281821,121.780781,20.03192638
11663274,2,26/04/2023,23326549,2,10,101,1258884,3776652,30,1.00E-05,[1. 1.],[1. 1.],[1. 1.],[0.67684325 2.28872515],[0.26093358 0.57582374],0.656862674,[0.15002807 0.00498333],0.038087455,FALSE,FALSE,70203.27729,2.919952292,77.3222646,25.48066026
11663311,39,26/04/2023,454869130,2,5,125,571536,1714608,30,1.00E-05,[1. 1.],[1. 1.],[1. 1.],[1.98562371 0.71119354],[0.91528127 0.6341129 ],0.658194067,[0.00652591 0.1507907 ],0.044570827,TRUE,FALSE,70231.22969,2.542715708,2.466253292,0.030071162
11663299,27,26/04/2023,314909074,2,3,203,665856,1997568,30,1.00E-05,[1. 1.],[1. 1.],[1. 1.],[0.87874611 0.83519981],[0.79048803 0.97924037],0.654851978,[0.03832025 0.02278429],0.030749628,FALSE,FALSE,70231.3475,1.47816209,67.3498923,44.56326588
11663304,32,26/04/2023,373225729,2,8,90,670761,2012283,30,1.00E-05,[1. 1.],[1. 1.],[1. 1.],[0.69951273 0.32078079],[0.44717764 0.17550019],0.42401157,[0.00410691 0.04157028],0.015885412,TRUE,FALSE,70235.85988,1.018146492,1.012920758,0.005132595
11663300,28,26/04/2023,326572401,2,6,116,670761,2012283,30,1.00E-05,[1. 1.],[1. 1.],[1. 1.],[1.69753476 1.2940019 ],[0.67461375 0.86891544],0.667586867,[0.02842466 0.02966207],0.028959908,TRUE,FALSE,70236.93451,2.849221933,2.779284113,0.024546287
11663296,24,26/04/2023,279919105,2,6,115,659344,1978032,30,1.00E-05,[1. 1.],[1. 1.],[1. 1.],[2.38896398 1.48363695],[0.87700573 0.95358159],0.713309632,[0.02118715 0.05157104],0.032827557,TRUE,FALSE,70237.99038,3.67349291,3.540302057,0.036257278
11663317,45,26/04/2023,524849266,2,9,90,828100,2484300,30,1.00E-05,[1. 1.],[1. 1.],[1. 1.],[1.83058343 3.76888094],[0.90746531 0.81899868],0.735451617,[0.05623702 0.01780541],0.030369514,TRUE,FALSE,70224.99524,5.561155234,5.339050973,0.039938511
11663310,38,26/04/2023,443205781,2,6,117,682276,2046828,30,1.00E-05,[1. 1.],[1. 1.],[1. 1.],[1.34892468 0.45831388],[0.71770899 0.29218791],0.574674266,[0.00376943 0.14842586],0.040454158,TRUE,FALSE,70260.66072,1.742988664,1.71244076,0.017526163
11663305,33,26/04/2023,384889066,2,7,100,652864,1958592,30,1.00E-05,[1. 1.],[1. 1.],[1. 1.],[1.8049424  1.70499137],[0.90527917 0.62518003],0.674428155,[0.01919221 0.04481742],0.031639952,TRUE,FALSE,70279.86695,3.409336295,3.320055187,0.02618724
11663316,44,26/04/2023,513185905,2,4,182,837225,2511675,30,1.00E-05,[1. 1.],[1. 1.],[1. 1.],[1.23328917 1.08255351],[0.8873149  0.77499032],0.696693041,[0.02055618 0.04662266],0.032741103,FALSE,FALSE,70263.93726,2.042102102,73.98718866,35.2308959
11663303,31,26/04/2023,361562394,2,5,142,736164,2208492,30,1.00E-05,[1. 1.],[1. 1.],[1. 1.],[0.54986708 0.47075318],[0.28487606 0.84652614],0.49725952,[0.03730139 0.00526359],0.0225242,TRUE,FALSE,70286.00128,0.978657309,1.038918892,0.061575777
11663279,7,26/04/2023,81642954,2,2,265,636804,1910412,30,1.00E-05,[1. 1.],[1. 1.],[1. 1.],[0.2640383  0.63459122],[0.74539172 0.81228417],0.567735223,[0.16744509 0.005422  ],0.053028161,FALSE,FALSE,70293.77062,0.733462316,55.29946838,74.39510502
11663282,10,26/04/2023,116632821,2,10,115,1628176,4884528,30,1.00E-05,[1. 1.],[1. 1.],[1. 1.],[1.81957347 1.15518469],[0.37276257 0.60345798],0.679559546,[0.02482571 0.02356997],0.024338068,FALSE,FALSE,70322.64348,2.886932411,90.74100308,30.43163405
11663318,46,26/04/2023,536512629,2,7,217,3041536,9124608,30,1.00E-05,[1. 1.],[1. 1.],[1. 1.],[0.37787098 2.78835687],[0.20000863 0.76982811],0.787332087,[9.97814782e-01 2.37432505e-04],0.11929252,FALSE,FALSE,70354.53417,2.189688981,90.67411664,40.40958713
11663322,49,26/04/2023,571502779,2,10,94,1092025,3276075,30,1.00E-05,[1. 1.],[1. 1.],[1. 1.],[1.59246632 2.08284166],[0.42027836 0.69034162],0.680619259,[0.05388728 0.01373622],0.03113319,TRUE,FALSE,70378.04992,3.639256527,3.538228764,0.02776055
11663309,37,26/04/2023,431542434,2,4,186,874225,2622675,30,1.00E-05,[1. 1.],[1. 1.],[1. 1.],[0.48342934 0.17276605],[0.65074015 0.1614713 ],0.453210127,[0.00103151 0.17183499],0.04600141,FALSE,FALSE,70422.08003,0.620125541,53.96099754,86.01624741
11663277,5,26/04/2023,58316386,2,2,250,567009,1701027,30,1.00E-05,[1. 1.],[1. 1.],[1. 1.],[0.28204027 0.18264478],[0.66061481 0.45804515],0.412842222,[0.0085435  0.07714754],0.035508364,FALSE,FALSE,70434.75129,0.412024805,44.75275518,107.6166527
11663278,6,26/04/2023,69979669,2,10,103,1308736,3926208,30,1.00E-05,[1. 1.],[1. 1.],[1. 1.],[0.5388214  2.60815689],[0.14959423 0.83939476],0.670907378,[0.27010913 0.00096985],0.047051513,FALSE,FALSE,70527.21447,3.121453342,85.9638929,26.53970138
11663294,22,26/04/2023,256592469,2,9,116,1368900,4106700,30,1.00E-05,[1. 1.],[1. 1.],[1. 1.],[1.67920244 2.95996427],[0.88995686 0.60636571],0.752035488,[0.03665064 0.02496265],0.029193263,FALSE,FALSE,70601.98274,4.438493261,109.7261956,23.7214965
11663308,36,26/04/2023,419879090,2,6,171,1449616,4348848,30,1.00E-05,[1. 1.],[1. 1.],[1. 1.],[1.03605002 0.24222716],[0.5325918  0.15626123],0.582573478,[0.00113858 0.29311163],0.056466019,FALSE,FALSE,70732.47389,1.208166172,64.37579358,52.28389013
11663283,11,26/04/2023,128296115,2,4,251,1587600,4762800,30,1.00E-05,[1. 1.],[1. 1.],[1. 1.],[0.29959627 0.36742542],[0.69937175 0.22548092],0.5144745,[0.00324268 0.04219397],0.024698792,FALSE,FALSE,70874.4589,0.583310896,60.2433761,102.2783315
11663291,19,26/04/2023,221602530,2,4,285,2044900,6134700,30,1.00E-05,[1. 1.],[1. 1.],[1. 1.],[1.03337471 0.47205426],[0.93077496 0.2789088 ],0.70068361,[2.22355012e-04 3.49446367e-01],0.109727809,FALSE,FALSE,70936.89039,1.185041354,76.9467509,63.93170102
11663281,9,26/04/2023,104969530,2,3,379,2310400,6931200,30,1.00E-05,[1. 1.],[1. 1.],[1. 1.],[0.57571719 0.9769793 ],[0.47173412 0.93672481],0.754466979,[0.3339585  0.00081876],0.124342115,FALSE,FALSE,71003.28522,0.81518704,75.05213425,91.06737915
11663287,15,26/04/2023,174949306,2,5,194,1368900,4106700,30,1.00E-05,[1. 1.],[1. 1.],[1. 1.],[0.60393124 1.22342107],[0.3242167  0.82541558],0.668985496,[0.18316739 0.00180587],0.061744989,FALSE,FALSE,71022.12693,1.614166361,75.43695819,45.73431438
11663272,50,26/04/2023,583163601,2,3,267,1149184,3447552,30,1.00E-05,[1. 1.],[1. 1.],[1. 1.],[0.13738286 0.5345597 ],[0.14605516 0.87145945],0.51801019,[4.39400974e-01 6.13427369e-05],0.08988708,FALSE,FALSE,71044.7128,0.594911975,57.67188083,95.94187245
11663293,21,26/04/2023,244929154,2,3,379,2310400,6931200,30,1.00E-05,[1. 1.],[1. 1.],[1. 1.],[1.22980499 0.17767872],[0.81046436 0.25568444],0.737440649,[2.36867062e-04 9.95649522e-01],0.125896331,FALSE,FALSE,71115.82442,0.686791254,71.08434645,102.5021137
11663297,25,26/04/2023,291582426,2,10,145,2579236,7737708,30,1.00E-05,[1. 1.],[1. 1.],[1. 1.],[1.33902189 0.64250161],[0.34946614 0.23921894],0.651745208,[0.00875869 0.08188452],0.032469467,FALSE,FALSE,71338.45716,1.906672954,75.7562586,38.73217244
11663289,17,26/04/2023,198275914,2,3,326,1710864,5132592,30,1.00E-05,[1. 1.],[1. 1.],[1. 1.],[0.60784962 0.29416929],[0.83046178 0.26006774],0.62102246,[0.0003071  0.29386017],0.096041566,FALSE,FALSE,71418.42227,0.701918828,64.24179206,90.5231071
11663307,35,26/04/2023,408215746,2,6,223,2458624,7375872,30,1.00E-05,[1. 1.],[1. 1.],[1. 1.],[1.62852711 2.96594882],[0.8236308  0.96731217],0.84057154,[0.16733982 0.00795317],0.06444829,FALSE,FALSE,71439.84834,2.959538838,114.1236502,37.56129501
11663314,42,26/04/2023,489859189,2,8,211,3640464,10921392,30,1.00E-05,[1. 1.],[1. 1.],[1. 1.],[0.55312724 2.54513586],[0.3311121  0.55586973],0.781146095,[0.61604912 0.00145125],0.111174285,FALSE,FALSE,71451.99712,2.049627294,98.45954766,47.03778128
11663312,40,26/04/2023,466532482,2,7,197,2509056,7527168,30,1.00E-05,[1. 1.],[1. 1.],[1. 1.],[0.22992981 0.2874427 ],[0.28894514 0.11860107],0.459909382,[0.0084767  0.02830953],0.019495457,FALSE,FALSE,71548.99808,0.507004421,57.74637116,112.8971749
11663286,14,26/04/2023,163286005,2,7,254,4161600,12484800,30,1.00E-05,[1. 1.],[1. 1.],[1. 1.],[0.78900195 0.98705524],[0.64637772 0.25873886],0.719360291,[0.00504836 0.04832741],0.029100972,FALSE,FALSE,71627.2823,1.360953038,91.91975451,66.54072472
11663301,29,26/04/2023,338235730,2,3,345,1915456,5746368,30,1.00E-05,[1. 1.],[1. 1.],[1. 1.],[1.00016463 0.4657819 ],[0.65726208 0.70432682],0.727676194,[0.00648133 0.16454648],0.056704096,FALSE,FALSE,72023.02241,0.837864469,73.79042587,87.06964441
